"","BT-549","CCRF-CEM","DU-145","HL-60(TB)","HS 578T","IGROV1","K-562","MCF7","MDA-MB-231/ATCC","MOLT-4","NCI/ADR-RES","OVCAR-3","OVCAR-4","OVCAR-5","OVCAR-8","PC-3","RPMI-8226","SK-OV-3","SR","T-47D"
"(p-Hydroxyphenyl)lactic acid",-3.79585928321977,-3.79585928321977,-1.13606154957603,-2.14347902113851,-0.592194069952232,-0.203125416815109,-0.572751416770282,0.325770161181757,-0.738569479868796,-0.809279798982096,-0.520769438793664,-3.79585928321977,-3.79585928321977,-0.988504361162171,-0.763660460831626,-3.79585928321977,-1.188803011648,-0.749846885462938,-0.0867116331933308,0.828631581688019
"3-phospho-d-glycerate",0.418999465431266,-5.38082178394093,0.057045856535967,-5.38082178394093,0.147523792308788,-0.79836613883035,-3.26997601525264,-0.0624045078507195,-0.938799843563262,-5.38082178394093,-1.46195854666634,0.239194343007673,-0.0558912008920452,1.46327368493169,-0.760398288631329,-0.0469210473874926,-5.38082178394093,3.55794101077137,-3.07501335441685,0.973550052279381
"5,6-Dimethylbenzimidazole",-0.846843211938579,-2.58207999218803,2.06947304012424,-0.584241333477502,-3.96578428466209,-1.3646325458416,0.17802406415942,1.8481304832451,0.274609556096091,-1.02034044828418,-1.79252357065652,1.72654061474711,-1.23333417161837,-0.922301245246062,-1.13078660753535,-0.565616411916344,-1.08110496814373,2.30149009800172,-0.00288827932482651,0.841033820629923
"5-oxoproline",0.297484915710575,0.12212049105055,-0.209227962138,-0.0694518807521452,-1.05989590864295,-0.226003674888827,1.7057567820498,0.399079925375868,0.651377038447218,0.76355321651429,-1.54091816801513,-0.0608988249439454,-1.3933998500204,-0.466602774768099,-0.537424111957796,-0.848574100017696,-0.0454314292470058,1.29885378945424,1.38183708390605,0.573697674625342
"adenine",-0.611902327917072,-0.203125416815109,-3.81603716515741,-1.46063436571895,-3.81603716515741,-1.07400058144378,0.799916202989014,-0.313536824628222,-0.409278229990159,0.402358365208098,-3.81603716515741,0.862881143640929,-2.94712044039705,-2.61705613043101,-3.81603716515741,-0.807595391270743,-1.71311885221184,-0.182786075741673,0.492964077963913,-0.505669733448303
"alanine",-0.669632824708147,-1.70368943929191,0.119909463735197,0.151425899982304,-1.27462238010901,-0.377069649079823,-0.096961729887088,-1.55497963450544,-0.287477585010582,1.38239058287347,-0.564904848379903,1.08133962745194,-1.02131623123709,-1.5200796491363,-0.740175150642096,-1.17136841831198,-0.147734761808246,-0.314134585167492,0.0454429707611671,0.531069492725954
"alpha-D-ribose 5-phosphate",3.41751500288509,-3.608232280044,1.03749936666157,-3.608232280044,0.111476519934597,-1.78587519464715,-3.608232280044,-1.70055994773747,-3.608232280044,-3.608232280044,-0.88718868116597,-0.640104054913617,-2.76284422599181,-1.68501351453148,-1.57060720774409,-1.72897280341268,-2.57633219557772,2.39588539483069,-3.608232280044,-0.805072461381109
"anthranilic acid",-1.23333417161837,-2.88896868761126,0.17291415902674,-2.88896868761126,-0.386468347082073,-0.416320465162317,-1.37582110288256,0.142304510013756,-0.367111403910025,-1.8800905362648,-0.535331732996556,0.347098670622268,-0.894321922105463,-0.757143476103836,0.16178021505658,-2.47126200155643,-1.17028572029427,-0.19319478076516,-0.407363571393423,0.604703945928894
"arabinose",1.1514258999823,-3.0350469470992,-1.26997601525264,-3.0350469470992,-0.949904670995942,-3.0350469470992,-3.0350469470992,-2.08110496814373,-3.0350469470992,-3.0350469470992,-0.87655451723756,-2.14986734910106,-3.0350469470992,0.130491626394562,-3.0350469470992,-3.0350469470992,-3.0350469470992,0.252577133658247,-3.0350469470992,0.411426245726465
"arginine",-0.0444392042829368,-1.32795188251513,0.346342342929513,-0.933279320089047,-0.643856189774725,-0.79002683791762,0.126532405928932,-0.0862010350493038,-0.520769438793664,0.0463746434063255,-0.606034724339757,0.773715070594074,-1.00578235259401,-1.54512223618937,-0.63486740654747,-1.37457363627575,-1.02816525412841,0.0384361816561079,0.0313951962755343,0.289637765328423
"asparagine",-0.306977753421391,-0.477944250839036,-0.257850029974071,0.959770155211467,-2.10780328953452,-0.400364816565395,2.90900499815204,-0.155748270881571,-0.128682019210431,1.81516551408758,-1.60969917904266,0.737542556797727,-1.51594782280598,-0.892535302631449,-0.883635243308215,-2.6408537016132,0.581752944245266,-0.118726938570751,1.59120067293238,0.599317793698226
"aspartate",-0.522150008316135,-2.44745897697122,-0.847708396396826,-1.44483827681209,-2.56206209861108,-0.105214566354931,1.03890436113154,0.95580874536808,0.24000896473507,-0.514573172829758,-1.64686493964706,0.396159489073155,-2.10573193951482,-0.101082246907052,0.0214797274104517,-1.10366355917359,-1.85030706724215,0.550572369040033,0.584321160394574,0.793549122532573
"beta-alanine",-1.78753441856884,-0.193744693118259,1.59534451924828,1.14752379230879,-3.608232280044,-3.608232280044,2.19303575494751,-3.608232280044,-0.248107861595691,0.12565110166152,-3.608232280044,-3.608232280044,-3.608232280044,-0.203125416815109,-3.608232280044,-3.608232280044,0.927264385792801,-3.608232280044,0.0849713349478045,-3.608232280044
"cholesterol",0.439357178474257,-3.68656064072896,-1.03701918943081,-2.24240775524384,-0.0130430374755989,-0.628162382669579,-1.46063436571895,-0.681152942142459,0.0854246562526777,-2.74661576419993,0.17802406415942,-0.555686318350524,0.0772429989324604,0.854128669631966,0.0468402542029724,-0.598005538196755,-1.83821978494342,0.571110460229411,-0.543018670750989,-0.144541779964389
"citric acid",-0.77431375293851,-0.160040412510468,-0.128682019210431,1.67596643923572,-1.09029088907361,-0.213682446698502,2.08723651839461,0.599952503361297,2.09929520433778,1.60644222813161,-1.33764256574134,1.71530768291513,-0.901490607865929,-0.631883548108649,-0.149867349101059,-0.433753107836263,-0.020828257262919,-0.200360043070401,2.86960823670583,-0.111954932804982
"creatinine",-0.197599959885161,-5.30281927193966,-2.69899774396719,-2.45271470242272,-2.44745897697122,-2.41375567330301,3.39433120972457,-0.0593947118198087,-0.0320936297098533,-0.717856771218502,-0.000962117435383687,0.0487011961454758,-6.64385618977472,-0.617793893188529,0.67053823242723,-2.30519407912756,-0.238998470378284,0.0487011961454758,1.1609201881811,3.21412480535285
"cysteine",-3.83650126771712,-3.83650126771712,-3.83650126771712,-3.83650126771712,-3.83650126771712,-0.56846618082496,-3.83650126771712,-3.83650126771712,-1.56064282152574,-3.83650126771712,-3.83650126771712,-3.83650126771712,-3.83650126771712,0.55581615506164,-3.83650126771712,-3.83650126771712,-0.655171503002559,-3.83650126771712,0.411426245726465,-3.83650126771712
"D-allose",-0.362776193399044,-3.04692104738749,2.1586601753465,-0.775136504623705,-3.45798964446339,-1.64235416460949,-0.0330773972494314,1.22259850590803,0.26703633639129,-0.700559947737469,-1.11820488499498,1.42796367372311,-1.31952560467206,-0.850307067242151,-0.500898235932682,-1.35353009227319,-0.627419299964051,2.26243315763135,-0.239566125329888,0.824021028709582
"DL-cystathionine",1.82361350692139,-2.69899774396719,-0.308168095931897,0.835924074254375,-0.376445240915612,-0.0694518807521452,0.0989584800881688,2.46927821498685,-0.327348370671615,0.911244165202328,-0.555686318350524,-0.0257154402592431,-0.520769438793664,-0.252111378649002,-0.308763635688914,0.470927257475127,-2.69899774396719,0.538041453333664,-0.574182661967914,0.116808321657889
"D-ribose",1.40635525617904,-2.85725982788392,-0.00144341686966872,-2.85725982788392,-0.0897790228128215,-2.85725982788392,-0.386468347082073,-1.57920323143247,-2.85725982788392,-1.66200353648498,-1.21982990726863,0.0459088822914198,-2.85725982788392,0.477849991683865,-2.15842936260448,-0.995199013736179,-2.37332724739401,1.79977808657123,1.05102400302447,0.625114598182053
"fumaric acid",0.0813396274519388,-1,-0.248679112856724,-1.188803011648,-0.848574100017696,0.36513259345253,1.16005964831611,0.752748591407134,0.425101182623541,-0.529072742524873,-1.20756106993536,0.76779602431948,-0.514573172829758,-0.640104054913617,-0.156820109742826,-0.355374577980504,-0.528378972354789,-0.319525604672058,1.51735969047553,1.78687511660926
"glucose-6-phosphate",1.47612241988015,-0.218150727594029,1.43545080182303,-2.71469643032517,2.14904253299889,0.269432177031944,-0.915935735211525,0.419359105228937,-1.83307036231685,-1.11611855774652,1.4511891277404,1.63381866706291,0.271027196587325,-0.45205668870965,-1.39087544860485,-0.663526169914858,-1.73056782296806,5.2858583836307,-0.928694965926867,3.6203518068184
"glutamic acid",-0.24297675349254,0.22156778853841,-1.49682090385214,-0.865121945656888,-1.68656064072896,0.327687364176047,1.93193514425962,-0.442222328605074,-0.302819271939658,0.916094422938358,-1.8059129478837,-1.21312488339074,-3.22431729826094,1.00528020734143,-1.12238661267895,-2.81942775435818,-0.524223342863477,-0.153072152434976,2.84726201360568,1.0849713349478
"glutamine",-0.608965543104713,-3.66200353648498,0.0412429822318813,-2.99232607211458,-3.66200353648498,-0.0434476612604774,1.38919966707544,0.974284559740757,-1.0862010350493,1.18966644665005,-2.10573193951482,0.228562188576654,-1.27928375747887,-0.0985055449524252,-0.218710237021592,-1.75795649108218,-1.46593839757888,0.0337460115926314,0.33151414371656,1.79659775404831
"glyceraldehyde",0.486456955768731,-4.44222232860507,-0.0709665213541436,-4.44222232860507,-0.00723156923107586,-1.94341647163363,-4.44222232860507,-0.208672117384105,-1.20534153866545,-4.44222232860507,-1.52837897235479,0.195347598322219,-0.117683020261174,1.41124544554565,-1.24810786159569,-0.0719771659074797,-4.44222232860507,2.91092449689301,-3.32192809488736,0.772589503896927
"glyceric acid",-0.0179038744219608,-2.92139016530363,-0.835642776147076,-2.92139016530363,-1.05689133614242,-2.29571821556451,-2.92139016530363,-0.0494071673218463,-2.92139016530363,-2.92139016530363,-1.11299471305964,-0.0654205961427196,-2.50908763374603,1.32423456227053,-1.76774857646283,-0.606766871039504,-2.92139016530363,1.40889297898094,-2.92139016530363,0.635986503745623
"glycerol",0.170779678624233,-1.49005085369569,0.118138198883004,-1.33521378563759,-0.367731784500487,-0.138176938578034,-0.578484936649951,-0.598005538196755,0.0487011961454758,-0.959224438812508,0.110585967411944,-0.0831412353002459,-0.0429521451845469,0.150559676575381,0.139251186036202,0.0318656658837763,-1.33157826492108,0.135753741799975,-0.526299661342596,0.0904018120279894
"glycine",-0.375197234747053,-2.32915966411844,-0.351074440546879,-2.27229732716276,-1.80759539127074,-0.0699565842874268,0.849599011151452,-1.43050890804128,-0.250394225055023,0.683172423203734,-1.70212384495391,0.162639729553787,-2.62890584830875,0.590082985389758,-0.928694965926867,-2.25153876699596,-0.143479021138511,-0.936036941268035,1.36251664524552,0.554179518424533
"gulono-1,4-lactone",-0.224879204807825,-3.96578428466209,-1.38709710936742,-5.01158797427521,-1.02914634565952,1.14990966753492,1.36494589723216,0.168214126600967,-5.01158797427521,-5.01158797427521,-5.01158797427521,0.623242588783291,0.286092574365473,-1.39846194307666,-5.01158797427521,-3.1456053222469,-5.01158797427521,0.855723983146041,-2.21982990726863,-1.38583985870756
"histidine",-0.289239476181188,-4.68038206579984,0.172487515510134,-2.8712666858778,-1.34251242704345,-0.763660460831626,0.325386414659773,-0.742587012514868,-0.703689439291908,-1.73216460790239,-1.65290132937773,0.979903394366771,-2.01936532486693,-1.25268421766423,-0.462621093195037,-1.83821978494342,-2.15842936260448,0.337996463515016,0.532732541948598,-0.172993990361023
"hypotaurine",-3.62593428177746,-1.60092007462413,-0.442875871103629,0.716039755311658,-3.62593428177746,-3.62593428177746,3.69977370518433,-1.59655047499637,-0.145605322246899,-0.552156355637915,-3.62593428177746,-3.62593428177746,-3.62593428177746,0.199122642013601,-3.18442457113743,-3.62593428177746,0.266236837872138,-3.62593428177746,-0.020828257262919,-1
"inositol 1-phosphate",0.116364756691785,-3.96578428466209,0.15704371014558,-2.92139016530363,-0.395296054071106,-0.629649697276451,-1.02229267461845,-0.192095584490356,0.181844650581765,-3.56206209861108,0.258619422432834,0.756738663206233,0.461179280923565,0.454877763810635,-0.0938790470029003,-1.08518038057384,-1.88718868116597,1.34255474547732,-0.00965017003371937,-0.190448358765197
"isoleucine",0.063042679089337,-1.13923579737117,-0.0954195650786826,-0.641603738043346,-1.33278908751913,-0.785046297732142,1.15099285329111,-0.162191281400682,0.00671691621458065,-0.318925606725839,-1.01936532486693,0.150992853291108,-1.52976684647903,-0.415678839605426,-0.552156355637915,-1.92686529536978,-0.827939254213697,0.154453592679872,1.2906209964991,-0.113514884343765
"lactate",-0.222071858055296,-0.777607578663552,0.267835392097615,-2.13078660753535,-2.24240775524384,-0.475936324222789,1.0191088229477,-0.236730081481885,0.376290383337052,-1.76611193982572,-2.08926733809709,0.311890572175551,-3.10780328953451,0.449957483628004,-1.00288827932483,-1.91956972967926,-1.42017622257782,1.94035471153329,0.971834745871587,0.557777671394926
"L-allo-threonine",-0.582800079570536,-1.77102743023984,0.212465581431157,-1.32553934843974,-0.612637459164004,-0.46926334728957,-0.0203404482841755,0.0685561700324434,-0.840801405150746,0.184386098756703,-1.15842936260448,0.476813696865534,-1.19980760383681,-1.03209362970985,-0.174078723525576,-1.99615793370561,-1.03012810482696,-0.10573193951482,-0.223194141302003,0.38404980679516
"L-arabitol",-2.87832144341175,-2.87832144341175,-2.87832144341175,-2.87832144341175,-2.87832144341175,-2.87832144341175,-0.302819271939658,-2.87832144341175,-0.749846885462938,-1.66200353648498,-1.09336590631071,-2.87832144341175,-2.87832144341175,-1.21871023702159,-2.87832144341175,-2.87832144341175,-1.89075089295327,0.417920007811965,0.371094151691247,-2.11820488499498
"leucine",-0.904188075228695,-2.36835243197871,0.0519520796347216,-1.68501351453148,-0.831357964441161,-0.302819271939658,-0.33885849083724,-0.0528949484321255,-0.0877333719335502,-0.971430847803229,-0.87038726186953,0.342175438247348,-0.961095638868458,-0.441569082027969,-0.347398782403481,-1.90689059560852,-1.48062584090642,-0.10056653821849,0.260226434618921,0.170779678624233
"malic acid",-1.52976684647903,-0.123433941248279,-0.46527432620196,-0.0714717551330381,-2.12029423371771,0.217851096811131,2.4070807754505,1.56055192887502,0.263034405833794,-0.372704456518421,-1.42662547355406,0.581752944245266,-1.34251242704345,-1.00192487692449,0.00623817221121988,-1.1595031959558,-2.54793176977619,-0.367111403910025,2.60809954599438,2.74695764241365
"mannose",0.927264385792801,-3.55639334852439,-2.355989930961,-3.55639334852439,0.698662999885884,-3.55639334852439,-3.55639334852439,-0.115076524446693,-3.55639334852439,-3.55639334852439,-0.156820109742826,0.315373007919827,-3.55639334852439,-0.0897790228128215,-2.68965987938785,-2.26534456652099,-0.956422181458396,0.657487572956545,-3.55639334852439,-0.284545872884282
"N(5)-(aminocarbonyl)-L-ornithine",0.096711641071677,-2.11820488499498,-3.44222232860507,-0.952694285221643,-0.869508373605438,-0.0409717810563062,-0.800039799158295,-0.640853701613201,-1.33278908751913,-2.18224032387555,-0.308168095931897,0.900979482691263,-1.09953567355091,-0.29689930039584,0.00575926928868495,-1.42662547355406,-0.442222328605074,-0.432454552356253,-0.229382353343797,-0.69121199900059
"N-acetylneuraminic acid",-0.140825544133565,-4.50635266602479,3.56701805043777,-3.13289427049735,0.431177201934097,-0.430508908041284,-0.416962376203336,-3.66200353648498,0.742437445376266,-1.77760757866355,-0.00578235259400611,0.650151819655201,-0.0908029370083126,0.828360780177906,0.793271654498083,-0.0494071673218463,-3.52284078881336,1.01435529297707,-1.27811700040687,0.0840642647884746
"n-dodecanoate",0.473700338657404,-0.121340043869263,0.00910825613038187,-2.00385232549561,-0.361539950786219,-0.13764780046798,-0.0745068790593921,-0.0345543075038765,0.378881497641319,-0.473263428523736,0.23184197411172,0.0205318331313526,1.10768786931437,-0.805072461381109,0.0332761548742986,0.194927538618891,-0.364013496254377,0.0276259059775616,0.299440052262531,-0.242407755243836
"n-hexadecanoic acid",0.285698125958125,-1.34129341975429,-0.141355849245542,-0.980891177052295,-0.192645077942396,0.0421773702443946,-0.897901812381264,-0.182240323875552,-0.321327097152827,-0.833070362316847,0.110585967411944,0.237971547307215,0.784922701562861,0.115921055307112,0.258217389536018,0.147957881387101,-0.750655797758248,0.661749599810705,-0.599462070416271,0.519038609600059
"octopamine",-3.1456053222469,-3.1456053222469,-3.1456053222469,-3.1456053222469,-3.1456053222469,-2.04890960048095,-3.1456053222469,-3.1456053222469,-3.1456053222469,-3.1456053222469,-1.30757280191029,-3.1456053222469,-0.328555646926911,-3.1456053222469,-2.73056782296806,-3.1456053222469,-3.1456053222469,-3.1456053222469,-3.1456053222469,-1.27462238010901
"ornithine",-0.243545976242434,1.85904189786194,0.0219534411040491,0.758729568457863,-1.01061874680114,0.362142550846718,2.56323949838686,-1.41503749927884,-1.57346686188333,1.55434326566276,-0.0985055449524252,0.498080627980647,-1.70525673443887,-1.30281927193966,-0.597277823154395,-2.26303440583379,2.05785457449798,-0.495464349882054,2.94698033187548,1.22917771658466
"phosphate",0.218264535713771,-1.03998261746535,0.071305034073133,-0.746615764199925,0.108357178090419,-0.222071858055296,-0.317726358908746,-0.512513650651464,0.0134027046024885,-0.713118852211838,0.0799753767205959,0.0356239097307215,-0.0169303959498773,0.148825667904026,-0.149333906669066,0.0510240030244669,-0.627419299964051,0.0607391578576785,-0.217032359289273,0.0662614422687216
"Possible Artifact-2336 (RI Ladder)",0.12212049105055,-0.16596303528989,-0.00771496512800556,-0.0335695326937018,0.0224269993032424,-0.0218043703183484,-0.045927797750402,-0.0608988249439454,0.124328135002202,-0.154142004201385,0.0435778185416041,-0.00578235259400611,-0.127105590307387,0.0514881159578209,0.0243196791954129,0.0496307677246004,-0.0816137655536521,0.127413172159517,-0.116118557746519,0.0328061450832418
"X-2911",-2.08314123530025,-2.08314123530025,-2.08314123530025,-2.08314123530025,-1.41119543298445,-2.08314123530025,-1.23559722312694,-2.08314123530025,-2.08314123530025,-2.08314123530025,-2.08314123530025,-2.08314123530025,-2.08314123530025,-2.08314123530025,-0.575615328461904,-2.08314123530025,-2.08314123530025,-2.08314123530025,0.430463702888451,0.540688600940364
"X-3014",-2.43440282414578,-2.43440282414578,-2.43440282414578,-1.59219406995223,-2.43440282414578,-2.43440282414578,0.837270499961892,0.270628606989295,-0.693543313875077,0.0876891286072285,-2.43440282414578,-2.43440282414578,-2.43440282414578,-1.57346686188333,-2.43440282414578,-2.43440282414578,-0.964845335692472,-0.240702105735737,0.453122446595813,-1.67269587265471
"X-3016",-1.71311885221184,-1.71311885221184,-1.71311885221184,-1.71311885221184,-1.71311885221184,-1.00965017003372,-1.71311885221184,-1.71311885221184,-1.71311885221184,-0.567753210688933,-1.71311885221184,-1.71311885221184,-1.71311885221184,-1.71311885221184,-1.71311885221184,-1.71311885221184,-1.71311885221184,-1.71311885221184,-0.934197941604254,-1.71311885221184
"X-3022",-1.2688167584278,-1.2688167584278,-1.2688167584278,-1.2688167584278,-1.2688167584278,-1.2688167584278,-0.312939311660108,-1.2688167584278,-1.2688167584278,-1.2688167584278,-1.2688167584278,-1.2688167584278,-1.2688167584278,-1.2688167584278,-1.2688167584278,-1.2688167584278,-1.2688167584278,-1.2688167584278,-0.713118852211838,-1.2688167584278
"X-3034",-2.78587519464715,-2.78587519464715,-2.78587519464715,-2.78587519464715,-2.78587519464715,-2.78587519464715,-2.78587519464715,-0.171368418311981,-2.0350469470992,-2.78587519464715,-2.33642766458248,-2.78587519464715,-2.78587519464715,-2.78587519464715,-2.78587519464715,-2.78587519464715,0.193246075676931,-0.103146927103293,-0.637857449153281,-0.0350469470992008
"X-3074",-2.74984688546294,-3.92139016530363,-3.92139016530363,-3.92139016530363,-3.92139016530363,-3.92139016530363,-0.202018631152166,-3.92139016530363,-3.92139016530363,-2.38082178394093,-3.92139016530363,-3.92139016530363,-3.92139016530363,-1.7353634895697,-3.92139016530363,-3.92139016530363,-3.92139016530363,-3.92139016530363,1.80914001109052,-3.92139016530363
"X-3085 = Inositol 2",-1.05090089830004,-0.237863830098888,1.37369460695595,0.93985342763635,-1.59219406995223,-0.865121945656889,2.47005957534102,-0.277533975528909,1.43722773891291,1.08927214707254,-0.866874916760639,2.95444449463674,-1.88718868116597,1.11303366529989,2.80122764990261,0.466061502303311,2.60762622084549,1.35820869190622,2.50927356912461,-0.49343190760054
"X-3090",-3.68038206579984,-3.68038206579984,-0.375197234747053,-3.68038206579984,-3.68038206579984,-3.68038206579984,-3.68038206579984,-0.203679128217373,-3.68038206579984,-3.68038206579984,-3.68038206579984,-0.728175954433075,-3.68038206579984,-3.68038206579984,-1.49682090385214,-3.68038206579984,-2.91775158824029,-0.175164272892737,-3.68038206579984,-1.83307036231685
"X-3091",0.0931094043914815,-2.72737954533701,0.0776987547539378,-2.72737954533701,-0.131313234677865,-0.728972803412675,-1.399730246491,-0.844250767322055,0.173767067736707,-2.72737954533701,-0.044935231463649,-0.000962117435383687,-0.398461943076661,-0.622228410125353,-0.642354164609493,-0.115076524446693,-1.69899774396719,0.190720201017904,-0.978046558895951,0.54399071966485
"X-3094",0.376660827565788,-5.15842936260448,0.0243196791954129,-2.62890584830875,-1.00481701629778,-0.359687570851587,-0.235031127361041,-0.243545976242434,0.134878054343112,-2.52284078881336,-0.50635266602479,0.282933963271499,-0.796694417854319,0.363264543158011,-0.13764780046798,-0.757143476103836,-1.09029088907361,1.36904764345591,-0.46926334728957,0.556797246592743
"X-3996",-3.83650126771712,-3.83650126771712,0.304121597876993,-0.630393929968162,-3.83650126771712,-0.938799843563262,0.900721927564115,-3.83650126771712,0.217851096811131,2.22527492986957,-3.83650126771712,-3.83650126771712,-3.83650126771712,-2.02718482932623,-3.83650126771712,-3.83650126771712,-0.0528949484321255,-3.83650126771712,-0.0669310081189868,-3.83650126771712
"X-3998",0.321543324904847,-3.09541956507868,0.00144197417390632,-3.09541956507868,-0.494786550930949,-3.09541956507868,-1.37083769536831,-0.829647596676058,-3.09541956507868,-3.09541956507868,-3.09541956507868,0.919657891682396,-0.154142004201385,0.423667804422284,-0.318325858207167,-0.206450877467426,-3.09541956507868,1.08633087176042,-3.09541956507868,-0.352301743930881
"X-4015",0.0114956388378294,-2.26072793845062,-0.499537844468478,-1.6229688233009,-0.676533850552369,0.187345474237247,1.57094860517333,-0.0800879113226919,-0.141886349358483,-1.65138986246013,-2.0350469470992,-0.272297327162762,-1.11820488499498,1.10835717809042,-0.249822294406943,-0.812654525762753,0.567220918333889,-0.520079649136302,2.20121562807761,0.0998562368320663
"X-4019",0.452068230223811,-3.19759995988516,-0.156820109742826,-4.79585928321977,-1.90328835892832,-0.169744675832317,0.248129982750056,-1.10469737866669,1.56559717585423,-3.24696603720614,-1.78919555293876,-0.262457443202273,-2.83307036231685,1.90906902260635,-0.382074667251013,-2.98469274721215,-0.29689930039584,0.178873958169795,1.92118240225845,0.430463702888451
"X-4020",0.480265122054463,-2.62890584830875,-0.56277226108709,-3.68656064072896,-0.603840510926846,0.439357178474257,2.1271930310069,-0.193744693118259,0.0100636833446975,-2.16272950003811,-3.20645087746743,-0.0714717551330381,-1.53812224651818,1.23654364117634,-0.0974761513726201,-1.02816525412841,-0.995199013736179,0.92523990548741,2.47023315352097,0.128733314122203
"X-4027",0.571434115876509,-5.96578428466209,-1.48735170409473,-5.96578428466209,-5.96578428466209,-0.509087633746029,0.592955291474687,1.57692518165574,-1.16596303528989,-0.00723156923107586,1.09940742829185,-0.0846703239869906,-3.83650126771712,-0.675765437729469,0.523394677369262,-2.48196850739783,0.714868261101214,1.17993562209355,-5.96578428466209,-0.233334171618374
"X-4043",-0.0872224121120631,-2.84684321193858,0.935334017268726,-2.85377925914896,-0.407363571393423,-0.107803289534515,-1.92321290091045,-0.823677227359537,0.035154664307528,-1.6363616532278,-0.101082246907052,1.00815219576346,-1.02326977932285,-0.210340294529948,0.103889243144724,-0.832213909314023,-1.18989970120358,0.0323359821196901,-0.994240730711315,-0.01547140876244
"X-4046",-3.50635266602479,-3.50635266602479,-0.79002683791762,-3.50635266602479,-3.50635266602479,-2.66505041204385,-3.50635266602479,-3.50635266602479,-3.50635266602479,-3.50635266602479,1.99518298370222,0.336854639125465,-0.320726349677609,1.45820699414295,0.282933963271499,-3.50635266602479,-2.84338765330236,0.832147383508891,-3.50635266602479,-3.50635266602479
"X-4251",-0.117683020261174,-3.7178567712185,0.359895945086383,-3.7178567712185,-3.7178567712185,-0.87655451723756,-3.7178567712185,1.03115990392552,-0.158429362604483,-3.7178567712185,-0.931443829967557,0.722466024471091,-3.7178567712185,-0.145605322246899,-2.08110496814373,-3.7178567712185,-3.7178567712185,2.34151141053492,-0.909598187972011,1.75688096187389
"X-4354",0.911755487214021,-0.725788044854721,-2.54793176977619,-2.54793176977619,-2.54793176977619,0.0985093921340712,0.355392210812137,-2.54793176977619,-0.0674348303838902,-0.0887558347976717,0.0233736496265051,0.907403462674314,-2.54793176977619,-2.54793176977619,-2.54793176977619,-0.448114896528275,-2.54793176977619,-0.0704614644468713,0.165215204871901,-0.00337022188514241
"X-4503",-2.10159814000781,-2.10159814000781,-2.10159814000781,-2.10159814000781,-2.10159814000781,-2.10159814000781,-1.188803011648,-2.10159814000781,-2.10159814000781,-2.10159814000781,-2.10159814000781,-2.10159814000781,-2.10159814000781,-2.10159814000781,-2.10159814000781,-2.10159814000781,-2.10159814000781,-2.10159814000781,-2.10159814000781,-2.10159814000781
"X-4510",-1.9378782880922,-1.9378782880922,-1.9378782880922,-1.9378782880922,-1.9378782880922,-1.9378782880922,-1.9378782880922,-1.9378782880922,-1.9378782880922,-1.9378782880922,-1.9378782880922,-1.9378782880922,-1.9378782880922,-1.9378782880922,-1.9378782880922,-1.9378782880922,-0.978994141879698,-1.9378782880922,-1.9378782880922,-1.9378782880922
"X-4514",-1.9378782880922,-1.9378782880922,-1.9378782880922,-1.9378782880922,-1.9378782880922,-1.9378782880922,-1.9378782880922,-1.9378782880922,-1.9378782880922,-1.9378782880922,-1.9378782880922,-1.9378782880922,-1.9378782880922,-1.9378782880922,-1.52422334286348,-1.9378782880922,-1.9378782880922,-1.9378782880922,-1.9378782880922,-1.9378782880922
"X-4516",-0.0266948666654201,-2.85725982788392,0.639695233399582,0.273416424360915,-1.108840080841,-1.53254660657002,2.676342640714,-0.244115423670742,0.039372388723932,0.159198594849254,-0.442222328605074,0.73407731484138,-0.61116757106855,0.823749360308273,0.396890152568584,-0.0330773972494313,0.191562650700756,0.734366403118249,3.3684890006451,-0.146669649142009
"X-4517",-2.608232280044,-2.608232280044,-0.674229838818243,-0.130786607535354,-2.13711885635907,-2.608232280044,-0.0513991525066442,-1.57776699931695,-2.608232280044,-2.608232280044,-2.608232280044,0.603121869839996,-2.608232280044,-0.522840788813359,-2.608232280044,-2.608232280044,-1.13078660753535,-0.457329220995283,0.321158452275944,-1.95269428522164
"X-4522",-2.26534456652099,-2.26534456652099,-1.6333747059064,-2.26534456652099,-2.26534456652099,-2.26534456652099,-2.26534456652099,-0.260727938450625,-2.26534456652099,-2.26534456652099,-0.0902908890736066,-2.26534456652099,-2.26534456652099,-0.483984852996335,-0.702123844953905,-2.26534456652099,-2.26534456652099,-1.06995658428743,-2.26534456652099,-0.515260334091089
"X-4523",-1.12763087523614,-3.68038206579984,-0.926865295369785,-1.44352970979186,-1.68656064072896,-0.375197234747053,0.792161248408331,-4.14135584924554,0.137066277181688,-0.904188075228695,-1.68038206579984,0.151425899982304,0.035154664307528,0.040307988653537,-0.165423609207372,-1.23559722312694,-1.19759995988516,1.98792716769943,0.577247535593151,0.716917752117876
"X-4593",-0.154142004201385,-0.735363489569705,0.0449769087183839,-0.893428335801956,-0.395928676331139,-0.121863233373052,-0.0729885189393552,-0.0785636691937021,-0.314732593483158,-0.141886349358483,-0.554979634505442,0.313826296390398,0.0205318331313526,-0.502941231375654,-0.48264030952447,-0.614108846380673,-0.785875194647153,-0.289827251720338,-0.0867116331933308,0.149692932757849
"X-4611",-3.55639334852439,0.0138790774121292,-1.33885849083724,-0.169744675832317,-3.55639334852439,-1.51182779609094,1.68032435684402,0.107464697368551,1.4905701304462,1.55090066464752,-3.55639334852439,-0.488026018218199,-3.55639334852439,-2.10159814000781,-3.55639334852439,-3.55639334852439,-0.0325854296262875,-3.55639334852439,0.329219294281113,0.0917562433972769
"proline",-0.0826318990051447,0.146655222119465,-1.07805594614046,0.383312609517551,-2.60237955379857,-0.956422181458396,3.20382759794212,-1.2446850959549,0.610070064290304,0.966184336615453,-1.60092007462413,-0.106249498279434,-3.15842936260448,-0.749038426466781,-1.45139897498005,-2.16704249290919,0.037499366661574,-0.483984852996335,1.47005957534102,0.442899274633353
"Putrescine",-3.68038206579984,-0.169203834198658,-2.04295214518455,2.2787777636951,-2.20645087746743,0.926758531986465,2.01744686846683,-2.45271470242272,-1.00096211743538,1.5618556181456,-0.331578264921082,0.0658020583957461,-2.32433459259446,-0.618532033414858,-0.974262438586392,-2.58496250072116,-2.77266965584789,0.644933000112738,-0.249250590400694,1.88908409859815
"serine",-1.38583985870756,-3.22881869049588,0.533064921869638,-3.11195493280498,-0.234465253637023,-0.244685095954902,-1.3646325458416,1.23980535242214,-1.19539568895843,-1.49953784446848,-0.785875194647153,0.809277234188633,-1.084160447664,-0.279283757478869,0.266236837872138,-1.34129341975429,-1.58496250072116,-0.305788392232109,-2.46593839757888,1.25298074116987
"sn-Glycerol 3-phosphate",-0.0856906175520678,-2.26072793845062,0.465365052837269,-0.00626526307245268,-1.33400092718794,-1.21535643068932,0.549258439039477,1.26723614181241,0.907916147484574,0.35727047567956,-1.2584251525812,0.0598167185417972,-1.0183908600944,0.429749850800216,-1.10263047997378,-0.968604803724466,2.19219416528334,2.26953191743372,1.90881290773955,1.88830489520849
"sorbitol",0.190298791626595,-0.81012274089383,-1.71627573539902,-3.75633091903314,-0.600920074624132,-3.75633091903314,1.59072177000984,-3.75633091903314,0.586244326696986,-3.75633091903314,-1.32915966411844,0.918895031856273,-2.6408537016132,-0.485330650706696,-3.75633091903314,-3.75633091903314,-0.663526169914858,0.0252650888235369,5.11963284691125,-3.32674511118514
"Spermidine",0.0445106960657926,-0.262457443202273,-2.78587519464715,-1.33764256574134,-2.78587519464715,-2.78587519464715,0.628229225991282,-2.78587519464715,-1.18442457113743,-0.549338590990435,-2.78587519464715,-0.136061549576028,-2.78587519464715,-0.0664273617389761,-2.78587519464715,-2.21535643068932,-1.084160447664,-0.35783756627123,0.309952247228744,-2.78587519464715
"succinate",-2.08110496814373,0.0195833156475546,-3,-2.19319478076516,-0.87390817890909,0.0607391578576785,0.0360930025785834,-0.199807603836812,0.16178021505658,0.781849272405971,-0.324334592594458,0.250557400665779,-0.602379553798566,-0.565616411916344,-0.893428335801956,-1.39846194307666,-0.0291463456595165,-1.21647350007605,0.245698473678607,1.97575245375332
"tetradecanoic acid",0.316531954326419,-1.53393849769669,-0.477274631406783,-1.27229732716276,-0.00144341686966872,-0.0370191894308059,-0.784217876784379,0.252980741169871,-0.194294815161489,-1.10056653821849,-0.0548917584960722,0.332278283056929,0.73667702630028,-0.188803011648002,0.515342405074529,-0.00723156923107586,-0.879205718671359,0.293566675820053,-0.312342046058164,0.50351835424252
"threonine",-0.716275735399021,-1.81265452576275,0.382943869568991,-1.39719475367513,-0.557808449217429,-0.394663709094561,-0.107285173155849,0.0565835283663675,-0.875671864997798,0.294743265561132,-1.07805594614046,0.403085896762037,-1.38961490239894,-1.13606154957603,-0.189899701203578,-1.88718868116597,-1.02034044828418,-0.116118557746519,-0.219269963523624,0.469538715461404
"trans-4-hydroxyproline",-0.447458976971221,0.0890461078960686,-0.524223342863477,1.93269114167826,-2.19539568895843,-0.234465253637023,3.70280527725422,0.0191088229477047,-0.242407755243836,2.21184288015933,-1.64235416460949,-0.00771496512800556,-2.65290132937773,-1.67422983881824,-0.871266685877797,-2.26765843235924,2.36550591342897,0.22650852980868,2.63490299258625,0.870529119907312
"tyramine",-0.135005017093153,-2.92139016530363,0.686463175371778,-2.50362287326922,-0.424042312540053,0.034685266209719,-1.94341647163363,-0.713118852211838,0.0881415968690176,-1.43700461933405,-0.0350469470992008,0.959770155211467,-1.16704249290919,-0.186612130375191,0.196187350989054,-0.857259827883918,-1.17136841831198,-0.0077149651280054,-0.986597295397512,0.106124940230738
"tyrosine",-0.559224939307548,-2.6559290220753,0.329602022772783,-3.25153876699596,-0.518701058452435,-0.745809113331335,-0.237296844420186,0.180147861158429,-0.42597924956077,-1.7353634895697,-0.899695094204314,0.924479992359022,-1.30876363568891,-1.06894735371749,-0.15789274551037,-1.59074485331516,-1.45403163089471,0.196187350989054,-0.172451929471351,0.527404022351407
"uracil",1.47352717715676,-6.265344566521,1.00910825613038,-6.265344566521,0.120351940365222,-2.68656064072896,-5.55074678538324,-4.74339186332564,0.290817562347332,-3.34617564113404,0.993734736927547,-0.982790709967777,-2.79252357065652,1.61714172779741,1.88609486407614,1.45628048151073,-0.799202726294145,1.56445946777,-3.47393118833241,-0.012072832300575
"urea",0.689150037062619,-1.6067668710395,-1.8347847951281,-3.12029423371771,-0.704472874033337,-0.210340294529949,-0.893428335801956,-3.12029423371771,0.43153381917504,-2.53393849769669,0.0667206799109533,0.348987756974268,-2,0.163069294851255,-0.637857449153282,-0.473931188332412,-0.687334826441606,0.590402413054273,-0.249250590400694,0.544650237409313
"valine",-0.576332195577716,-2.85725982788392,0.273416424360915,-2.85030706724215,-0.481968507397831,-0.269396270402207,-1.6363616532278,0.203305582145681,-0.156284090772926,-1.36959452851768,-0.69121199900059,0.661445586525228,-1.0659238911211,-0.513199831421065,-0.115076524446693,-1.55356730444562,-1.58064089477106,0.0767870990895486,-0.368973346574436,0.55581615506164
"xanthosine",0.569491091958716,-3.21089678249862,-0.502941231375654,-3.21089678249862,-0.0125578533308246,-3.21089678249862,-3.21089678249862,-1.73216460790239,-3.21089678249862,-3.21089678249862,-0.923212900910451,-1.37332724739401,-3.21089678249862,0.34255474547732,-3.21089678249862,-3.21089678249862,-2.7115429972863,1.54744982914397,-3.21089678249862,1.20643484743347
"(2-Aminoethyl)phosphonate",-2.22431729826094,-0.347398782403481,-0.0755200076409775,0.510624407276568,-2.22431729826094,-1.36959452851768,1.5107931731469,-2.22431729826094,-0.0573916638883367,0.81174502066282,-2.22431729826094,-2.22431729826094,-2.22431729826094,-0.272878239206402,-2.22431729826094,-2.22431729826094,1.9664304673063,-1.24354597624243,0.404176506647077,-0.219269963523624
"2,3-diphospho-D-glyceric acid",0.445020365494558,0.356519463147822,0.607862902831235,-0.315330849780717,0.281747698952869,-0.00819852304803079,-0.461296304267336,-0.203125416815109,0.321158452275944,-0.288651940013064,0.796874583184891,-0.650634722405787,0.890122382227627,0.0556584273145413,0.922705303568989,0.460829917792934,0.517023672064581,-0.975207538548713,0.252173413202027,0.0257375614136083
"2'-deoxyadenosine 5'-diphosphate",-1.62593428177746,-1.62593428177746,-1.62593428177746,-1.62593428177746,-1.62593428177746,-1.04097178105631,-1.16380654005893,-0.77595972578207,0.0989584800881688,-0.879205718671359,-1.62593428177746,-0.358453970912476,-1.62593428177746,-0.3040061868901,-0.352915787371046,-1.62593428177746,-1.62593428177746,-0.161653263478769,-1.62593428177746,-1.62593428177746
"2'-deoxyuridine",-3.26534456652099,-3.26534456652099,-3.26534456652099,-3.26534456652099,-2.41888982477445,-3.26534456652099,-3.26534456652099,-3.26534456652099,-3.26534456652099,-3.26534456652099,-3.26534456652099,-0.46394709975979,0.00910825613038187,-0.162191281400682,-3.26534456652099,-3.26534456652099,-3.26534456652099,-2.26303440583379,-3.26534456652099,-3.26534456652099
"2'-deoxyuridine 5'-triphosphate",-2.17136841831198,-2.17136841831198,-2.17136841831198,0.040307988653537,-2.17136841831198,-2.17136841831198,-0.433103683994151,-2.17136841831198,-2.17136841831198,-1.05489175849607,-2.17136841831198,-2.17136841831198,-2.17136841831198,-2.17136841831198,-2.17136841831198,-2.17136841831198,-2.17136841831198,-2.17136841831198,-0.227692025041597,-2.17136841831198
"3-hydroxy-3-methylglutarate",-3.08314123530025,-0.520079649136302,-0.186064929518683,-0.328555646926911,-2.49005085369569,0.00863030514344006,1.57950199866745,1.42456383267349,0.0445106960657926,-0.73296366360871,-1.03603273124476,0.536384516157286,-3.08314123530025,-0.456669099711339,-0.184971150056975,-0.745809113331335,-3.08314123530025,-0.922301245246062,1.84170481038244,1.82211827472934
"3-phospho-l-serine",-1.08518038057384,0.295918896516495,-1.92139016530363,0.0817940911636473,-2.38835545662634,0.864994982906847,2.10321785786577,-0.119249181125192,0.339897498235846,1.40526629270486,-2.21535643068932,-2.0350469470992,-3.09541956507868,0.794935662803536,-1.64235416460949,-4.35107444054688,0.063042679089337,-1.52837897235479,1.01530725278785,-0.142417044615852
"4-Guanidinobutanoic acid",-2.89969509420431,-2.89969509420431,-0.712330709585906,0.0124494868334938,-2.89969509420431,-2.89969509420431,-0.428565884123491,-0.859875776090929,-2.89969509420431,-0.278117000406874,-2.89969509420431,-2.89969509420431,-2.89969509420431,-1.82282633082004,-2.89969509420431,-2.89969509420431,-0.609699179042663,-2.05090089830004,-1.12343394124828,0.102993993323325
"5,6-dihydrouracil",-2.19099722506091,-2.19099722506091,-2.19099722506091,-2.19099722506091,-2.19099722506091,-2.19099722506091,-2.19099722506091,-2.19099722506091,-0.435052833186232,-2.19099722506091,-2.19099722506091,-2.19099722506091,-2.19099722506091,-1.77595972578207,-2.19099722506091,-2.19099722506091,-2.19099722506091,-2.19099722506091,-2.19099722506091,-2.19099722506091
"5'-s-methyl-5'-thioadenosine",-1.36339471218275,0.579823777422183,-3.53951952995999,-2.00385232549561,-3.53951952995999,-0.753085259529483,2.28056045841881,-0.0669310081189868,1.9449833490621,0.469538715461404,-1.67884154772406,-0.0533938919061937,-3.53951952995999,0.176748283642188,-3.53951952995999,-1.21312488339074,-2.58785078004598,0.138814468902282,1.46971235631627,-0.888078409865702
"allantoin",0.123886876384023,-0.126580496565143,-0.462621093195037,-0.721024050297185,-0.196497403438002,-0.84684321193858,0.134878054343112,-1.19209558449036,0.20997316208238,-0.404178109642457,0.12212049105055,-0.145073453101377,-0.202571917847687,-0.0444392042829368,-0.16596303528989,0.268634005481356,-0.0385001425540645,-0.274040765490812,-0.0149854073965877,0.0799753767205959
"alpha-keto-glutarate",-1.62593428177746,-1.62593428177746,-1.62593428177746,-1.62593428177746,-1.62593428177746,-1.62593428177746,-0.914122164839595,-1.62593428177746,-1.62593428177746,-1.62593428177746,-1.62593428177746,-1.62593428177746,-1.62593428177746,-1.62593428177746,-1.62593428177746,-1.62593428177746,-1.62593428177746,-1.62593428177746,0.466061502303311,-1.05889368905357
"arginino-succinate",-1.34373246520571,-1.55922493930755,-3.45798964446339,-0.622228410125353,-3.45798964446339,-3.45798964446339,-1.42921326804321,0.453122446595813,-3.45798964446339,-0.98564470702293,-3.45798964446339,-0.191546300249612,-3.45798964446339,-1.67730267286787,-3.45798964446339,-3.45798964446339,-3.45798964446339,0.613217306029029,0.401630466584741,-0.267079617891742
"beta-nicotinamide adenine dinucleotide",-1.23559722312694,-7.96578428466209,-3.31234204605816,-7.96578428466209,-2.77595972578207,-0.251538766995964,1.28510625106125,-0.0734944614452905,1.26122990898705,-1.57633219557772,-0.603109847431416,0.409979209455815,-1.60969917904266,0.294743265561132,-2.05689133614242,-0.431157164642121,-7.96578428466209,1.24995092897988,1.14904253299889,-0.0247366783215064
"biotin",-3.17136841831198,-3.17136841831198,-1.61853203341486,-3.17136841831198,-3.17136841831198,-3.17136841831198,-3.17136841831198,-3.17136841831198,-3.17136841831198,-3.17136841831198,-3.17136841831198,-3.17136841831198,-1.62148837674627,-3.17136841831198,-3.17136841831198,-3.17136841831198,-3.17136841831198,-3.17136841831198,-3.17136841831198,-3.17136841831198
"caffeine",-1.86775220170156,-1.86775220170156,-0.320125852253377,-1.86775220170156,-1.86775220170156,-1.86775220170156,-1.86775220170156,-1.86775220170156,-1.86775220170156,-1.86775220170156,-0.355374577980504,-0.954557029238833,-0.978046558895951,-1.86775220170156,-1.86775220170156,-1.86775220170156,-1.86775220170156,-0.808437349299244,-1.02816525412841,-1.86775220170156
"cytidine",2.02502879449152,-2.51732378384579,-4.83650126771712,-2.19980760383681,0.823749360308273,-1.41760457298264,-1.0459277977504,-0.138176938578034,-4.83650126771712,-2.75308525952948,-4.83650126771712,0.845322772256625,-1.35722142488203,1.1529405405843,-3.20645087746743,-4.83650126771712,-0.522150008316135,-4.83650126771712,-4.83650126771712,0.760717730065201
"ethylmalonic acid",-2.44222232860507,-2.44222232860507,-2.44222232860507,-2.44222232860507,-2.44222232860507,-2.44222232860507,-0.457989644463391,-0.352301743930881,-2.44222232860507,-2.44222232860507,-2.44222232860507,-2.44222232860507,-2.44222232860507,-2.44222232860507,-2.44222232860507,-2.44222232860507,-1.9378782880922,-2.44222232860507,-1.34617564113404,2.43536189749141
"gamma-glu-cys",-1.81603716515741,-1.81603716515741,-1.81603716515741,-1.81603716515741,-1.81603716515741,-1.81603716515741,-1.81603716515741,-1.81603716515741,-1.81603716515741,-1.81603716515741,-1.81603716515741,-1.81603716515741,-1.81603716515741,-1.81603716515741,-1.81603716515741,-1.81603716515741,-1.81603716515741,-1.81603716515741,0.318461465167583,-1.81603716515741
"gamma-L-glutamyl-L-glutamine",-2.27928375747887,-2.27928375747887,-0.443529709791861,-2.27928375747887,-2.27928375747887,-2.27928375747887,-0.603840510926846,-0.163806540058933,-1.25039422505502,-0.940644722383579,-2.27928375747887,-2.27928375747887,-2.27928375747887,-1.86424625820002,-2.27928375747887,-2.27928375747887,-2.27928375747887,-2.27928375747887,1.34672055633865,-2.27928375747887
"glutathione, reduced",2.10422481865488,-0.253257284222264,0.0904018120279894,0.0500953290040578,-3.85030706724215,-0.868630020433169,1.08814159686902,1.32692078868464,0.237155774008188,1.41106462270392,0.278579550458423,1.64585534113993,-3.86424625820002,-6.05889368905357,-0.813499442355505,-0.326745111185138,-8.38082178394093,2.10444849230507,-0.46394709975979,1.98853321477445
"guanine",1.14382875214275,-3.79585928321977,0.7412872001163,-3.79585928321977,0.380729448503549,-3.79585928321977,-3.32674511118514,-1.75795649108218,-0.0183908600943954,-3.79585928321977,-3.79585928321977,-3.79585928321977,-3.79585928321977,-3.79585928321977,1.40925514668484,0.865522959139964,-1.1855179361317,-3.79585928321977,-3.79585928321977,-0.545824106814198
"guanosine",2.87105507508663,-5.01158797427521,1.11303366529989,-4.52837897235479,1.42474297156251,-5.01158797427521,-4.59655047499637,-2.355989930961,-1.01936532486693,-5.01158797427521,0.358021097465946,-1.99807768786897,-3.05090089830004,-1.92869496592687,1.42133552317921,1.45592992992574,-1.11611855774652,-1.93972198807589,-2.8607488139638,-0.221511043649443
"guanosine 5'- monophosphate",-0.382701517159154,-0.4118350672405,-3.18442457113743,-1.04097178105631,-3.18442457113743,-0.112474729258413,-0.965784284662087,-0.199255376063222,0.276992863423713,-1.12973392960402,-0.130260172557468,0.368861453220011,-3.18442457113743,-0.254977850962736,-0.579921884020626,-3.18442457113743,-3.18442457113743,-0.118726938570751,-1.85030706724215,-1.52837897235479
"homogentisate",-3.49005085369569,-1.34862296155278,-0.77595972578207,-3.49005085369569,-3.49005085369569,-1.7115429972863,-3.49005085369569,-3.49005085369569,-3.49005085369569,-3.49005085369569,-3.49005085369569,-3.49005085369569,-3.49005085369569,-3.49005085369569,-3.49005085369569,-3.49005085369569,-3.49005085369569,-1.42404231254005,-3.49005085369569,-3.49005085369569
"hypoxanthine",0.53173494247986,-3.95083394319612,1.56152980625603,-2.40354186044101,-0.0745068790593921,-1.16596303528989,-1.75470717655347,-0.2203900684253,0.306845500314283,-2.39592867633114,1.28253865020124,0.536384516157286,-1.15842936260448,1.47750464277955,1.9209284290088,0.0119726416660759,-0.0424567992428948,1.20685157044067,-3.25153876699596,1.26363540356833
"inosine",1.52523367703304,-5.07501335441685,1.07792657868507,-4.87832144341175,0.799916202989014,-3.79585928321977,-4.13289427049735,-1.35968757085159,-2.56775321068893,-5.42146376843828,0.903552508236656,0.0735917599297418,-0.970488217883455,0.988896720854793,0.896078055397064,-0.158966179370077,-0.978994141879698,1.30022136559919,-4.09953567355091,1.01125707826831
"Isobar 13 includes 5-keto-D-gluconic acid, 2-keto-L-gulonic acid, D-glucuronic acid",0.366252263699564,0.111476519934597,0.410341104614087,-0.0130430374755989,0.449253214616757,0.0745054363636298,-0.793356776016605,-0.427271987139103,0.401994461803245,-0.130786607535354,0.374807654490311,-0.463283944132904,0.868950102922736,-0.214798220180946,0.397255345594427,0.0556584273145416,0.283329168051641,-0.826232932263294,-0.80171540334304,0.0445106960657926
"Isobar 22 includes glutamic acid, O-acetyl-L-serine",-0.743391863325639,0.359146298386799,-1.77266965584789,-0.335820597440809,-2.04890960048095,0.809551641234802,1.91953077638729,0.0790651589989904,0.264236151043547,1.1359725806386,-1.47794425083904,-3.21089678249862,-3.03111053254003,0.951587794814754,-0.959224438812508,-4.68038206579984,-0.184424571137427,-1.02229267461845,2.43126636450888,0.662053549046189
"Isobar 27 includes L-kynurenine, alpha-2-diamino-gamma-oxobenzenebutanoic acid",2.26483664846778,-2.1456053222469,-3.53951952995999,-3.53951952995999,-3.53951952995999,-3.53951952995999,-1.08110496814373,-3.53951952995999,-3.53951952995999,-3.53951952995999,-3.53951952995999,-0.839079811818897,-0.30578839223211,-0.885410868198067,-3.53951952995999,0.194927538618891,-3.53951952995999,4.04098007652894,-1.22431729826094,-3.53951952995999
"Isobar 3 includes inositol 1-phosphate, mannose 6-phosphate, glucose 6-phosphate, D-mannose 1-phosphate, alpha-D-glucose 1-phosphate, alpha-D-galactose 1 phosphate",0.0822484117597145,-1.06290675156019,0.436517226689295,-1.62445079060213,-0.00965017003371921,1.73883987969756,0.584641866195803,0.326153805657063,0.0332761548742986,-0.343732465205711,-0.895216062227601,1.34274436170167,0.72363136786312,-0.0897790228128215,-0.313536824628222,-0.453373016393021,-0.345564459154601,0.684070645734081,-0.333394880112909,0.940354711533293
"Isobar 39 includes N-acetyl-D-glucosamine-6-phosphate, N-acetyl-alpha-D-glucosamine 1-phosphate",0.0252650888235369,-0.37145968073724,1.31285875893821,-1.42017622257782,-0.923212900910451,-0.0990205173087369,-0.0528949484321255,-0.979942347658747,0.470580247241129,0.594230038666868,-0.532546606570018,-1.11195493280498,-2.06693100811899,1.07176266930009,-0.69121199900059,-0.15360697914764,-0.0649174766813384,0.975752453753323,0.429392792255914,0.0962618530584035
"Isobar 4 includes Gluconic acid, DL-arabinose, D-ribose, L-xylose, DL-lyxose, D-xylulose",0.00719550140420377,0.118138198883004,0.227330344152115,0.168642035558839,-0.538820719076435,0.483020329463146,0.877351626449262,0.0904018120279894,0.484739665908911,0.185232254230161,0.00958604882919793,-0.572751416770282,0.36289064266586,0.422950580922109,-0.130260172557468,0.104336659814736,0.361394070912478,-0.415678839605426,4.16738469164581,-0.115597447016313
"Isobar 6 includes valine, betaine",-0.698217275979047,-2.12868201921043,0.22568624706149,-1.82623293226329,-0.450084446378045,-0.202018631152166,-0.972374094022438,0.359895945086383,-0.0719771659074799,-1.12029423371771,-0.753895990116083,0.433671673417895,-0.980891177052296,-0.340075441597622,-0.122386612678952,-1.3040061868901,-1.18333203413642,-0.136061549576028,-0.638605929087522,0.453824829784413
"Kynurenic acid",0.0191088229477047,-4.0350469470992,-0.383956034665063,-2.96578428466209,-2.14773476180825,0.257010618206024,0.441837558622559,-0.877437709821548,1.01934608880481,-3.24696603720614,-0.847708396396826,-0.855518493887493,-1.49005085369569,1.85492654689862,-0.0484122051852459,-3.05090089830004,-0.49072643087539,-0.0242475462466773,2.42671203265976,0.576925181655738
"L-alpha-glycerophosphorylcholine",-0.279867490054459,-1.27345938525289,-1.29453809685586,-3.8160371651574,-1.30519407912756,0.516015147003665,-0.545122236189365,0.940104091357055,1.5841607807556,-3.14135584924554,-1.75633091903314,0.0119726416660759,-0.515260334091089,0.454877763810635,-1.36339471218275,-0.138706270831592,3.56417490050684,1.05032755355842,0.630405471482323,1.4157586665225
"L-beta-imidazolelactic acid",-2.76611193982572,-2.76611193982572,-0.641603738043346,-2.76611193982572,-2.76611193982572,-2.76611193982572,-1.53812224651818,-0.645359780365112,-0.745809113331335,-1.65744525452268,-2.30044836747691,-0.307572801910292,-2.76611193982572,-2.76611193982572,-0.677302672867867,-2.76611193982572,-2.76611193982572,-2.76611193982572,0.451364991096609,0.997111720675174
"methionine",-0.934197941604254,-3.29335894269059,-0.0634091701760615,-2.01936532486693,-0.48264030952447,-0.126580496565143,-0.710755714843358,-0.948975996975533,-0.00723156923107586,-1.6544143814733,-0.562062098611077,0.561366872714622,-0.897901812381264,0.212465581431157,-0.0659238911210975,-1.86249647625006,-0.966723845125701,0.00863030514344006,0.146220740851044,0.00384206629439404
"N-formyl-L-methionine",-1.78587519464715,-1.78587519464715,-1.78587519464715,-1.78587519464715,-1.78587519464715,-1.78587519464715,-1.78587519464715,-1.78587519464715,-1.78587519464715,-1.78587519464715,-1.78587519464715,-1.78587519464715,-0.757143476103836,-1.78587519464715,-1.78587519464715,-1.78587519464715,-1.78587519464715,-1.78587519464715,-1.78587519464715,-1.78587519464715
"niacinamide",1.51113064567262,-0.681152942142459,0.982096125578039,-0.475267635895226,-1.63486740654747,-0.394663709094562,1.38791392438595,0.207892851641333,-0.0959334368707189,0.414315971361384,-1.70839644196944,1.39487993684658,-1.74823042026202,-0.484657594925471,-0.536028855523234,-1.67730267286787,0.103889243144724,-0.668868077782798,1.32634558964417,0.12300395405482
"oxitryptan",-1.77595972578207,-1.77595972578207,-0.978994141879698,-1.77595972578207,-1.77595972578207,-0.87390817890909,-1.77595972578207,-1.77595972578207,-1.77595972578207,-1.77595972578207,-1.77595972578207,-1.77595972578207,-1.77595972578207,-1.77595972578207,-1.77595972578207,-1.77595972578207,-1.77595972578207,-0.921390165303633,-1.77595972578207,-1.77595972578207
"pantothenic acid",-2.59655047499637,-0.0795796516588516,-2.50635266602479,0.0845178711562702,-4.41119543298445,0.296310560708092,2.5606334439775,-0.177881725270655,-0.0218043703183484,2.13454953446445,-1.36339471218275,0.438292851579147,-2.31712710862354,-1.09541956507868,-2.90328835892832,-1.27578631324264,-0.186612130375191,-0.758769964484555,1.12829340100982,1.74659941356347
"phenylalanine",-0.915935735211525,-2.75308525952948,0.214124805352847,-2.63785744915328,-0.418247055754734,-0.212567535483132,-1.55215635563791,0.58111017522555,-0.257275136545109,-1.51594782280598,-0.483984852996335,0.921436330806298,-0.776783416949685,-0.295128035543647,0.0271540515037266,-1.43700461933405,-1.03012810482696,-0.0271848293262303,-0.536028855523234,0.570139057404546
"phosphoenolpyruvate",-3.32192809488736,-0.24696603720614,-0.367111403910025,-3.32192809488736,-3.32192809488736,-0.219269963523624,1.91800451859787,-3.32192809488736,-0.141355849245541,1.12454871371082,-1.11195493280498,-0.0811049681437271,-3.32192809488736,-3.32192809488736,-0.972374094022438,-3.32192809488736,0.345207107428925,-3.32192809488736,1.36718465889837,-0.151468860874276
"picolinic acid",-1.97143084780323,-1.97143084780323,0.295135249000818,0.0114956388378294,-0.0729885189393552,-0.42597924956077,-0.936957320910663,0.354264077007053,-0.649125627037131,-0.200360043070401,-1.33157826492108,-0.146137387545531,0.106124940230738,-0.053893007995202,0.291603558030565,-1.97143084780323,0.0356239097307212,-0.443529709791861,0.22362848741882,0.343692069179019
"porphobilinogen",-1.98850436116217,-1.98850436116217,-1.98850436116217,-1.98850436116217,-1.98850436116217,-1.98850436116217,-1.98850436116217,-1.98850436116217,-0.996157933705606,-1.98850436116217,-1.98850436116217,-1.98850436116217,-1.98850436116217,-1.98850436116217,-1.98850436116217,-1.98850436116217,-1.98850436116217,-1.98850436116217,-1.98850436116217,-1.98850436116217
"X-1086",-3.87832144341175,-3.87832144341175,-3.87832144341175,-3.87832144341175,-3.87832144341175,-3.87832144341175,-3.87832144341175,-3.87832144341175,-3.87832144341175,-3.87832144341175,-3.87832144341175,-3.4632839441329,-0.110915901401851,-3.87832144341175,-3.87832144341175,-3.87832144341175,-3.87832144341175,-3.87832144341175,-3.87832144341175,-3.87832144341175
"X-1104",-0.237863830098888,-1.15735632793926,-0.00433459026389113,-1.58929709098505,-1.33885849083724,-0.582079992188035,0.0858778351604055,-0.264189023775286,0.330367175291853,-1.77925731588264,-1.1456053222469,-0.0424567992428948,-2.93236128312464,1.24000896473507,-0.15521264992094,-4.75633091903314,-0.408001508631714,1.27679440478926,-0.0179038744219608,0.0584319527587359
"X-1107",-1.30044836747691,-1.30044836747691,-1.30044836747691,-1.30044836747691,-1.30044836747691,-1.30044836747691,-1.30044836747691,-1.30044836747691,-1.30044836747691,-1.30044836747691,-1.30044836747691,-1.30044836747691,-1.30044836747691,-1.30044836747691,-1.30044836747691,-1.30044836747691,-1.30044836747691,-1.30044836747691,-1.30044836747691,-1.30044836747691
"X-1111 - possible methylnitronitrosoguanidine or ethyl thiocarbamoylacetate",0.542340605060974,-3.17570735403632,-0.18825497933718,-3.61410884638067,-1.8092797989821,0.306067767119766,0.318847057857541,-0.819427754358179,0.68885174386588,-2.7401751506421,-1.44614803181887,-0.214240225572989,-2.72102405029718,1.76227793721227,-0.301040728413539,-2.06089882494395,-0.233899601780771,0.166929637683153,1.99421764740599,0.640929360969184
"X-1113 - possible acetylcarnitine",-5.05889368905357,-5.05889368905357,-1.0790715709912,1.19492753861889,-5.05889368905357,-5.05889368905357,1.93269114167826,-0.415037499278844,1.01768440778422,0.600269753509005,-5.05889368905357,-1.33764256574134,-5.05889368905357,-1.49682090385214,-2.38583985870756,-5.05889368905357,1.10880321149663,-1.22994623650161,-0.112994713059641,-0.856388898161791
"X-1126",-3.19759995988516,-3.19759995988516,0.265836922404327,-3.19759995988516,-0.556393348524385,-1.66505041204385,-3.19759995988516,-0.74823042026202,-3.19759995988516,-3.19759995988516,-3.19759995988516,0.00910825613038187,0.407805930047768,-0.389614902398937,-1.91412216483959,-3.19759995988516,-3.19759995988516,-0.569893179003508,-3.19759995988516,-3.19759995988516
"X-1129",-2.49817873457909,-2.49817873457909,-1.09336590631071,-2.49817873457909,-2.49817873457909,-2.49817873457909,-2.49817873457909,-2.49817873457909,-2.49817873457909,-2.49817873457909,-2.49817873457909,-2.49817873457909,-2.49817873457909,-2.49817873457909,-2.49817873457909,-2.49817873457909,-2.49817873457909,-2.49817873457909,-2.49817873457909,-2.49817873457909
"X-1288",-3.41632046516232,-5.265344566521,-2.57920323143247,-5.265344566521,-2.52284078881336,-2.55074678538324,-5.265344566521,0.550572369040033,0.355768059463706,-5.265344566521,-4.05889368905357,-0.0149854073965877,-2.15414200420138,-0.415678839605426,-5.265344566521,-4.14986734910106,3.27961986626824,0.432246789311067,0.257010618206024,0.872894409692613
"X-1391",-2.26534456652099,-2.26534456652099,-2.26534456652099,-2.26534456652099,-2.26534456652099,-2.26534456652099,-2.26534456652099,-2.26534456652099,-2.26534456652099,-2.26534456652099,-2.26534456652099,-2.26534456652099,-2.26534456652099,-2.26534456652099,-2.26534456652099,-2.26534456652099,-2.26534456652099,-2.26534456652099,-2.26534456652099,-2.26534456652099
"X-1455",-5.38082178394093,-5.38082178394093,-5.38082178394093,-2.36339471218275,-5.38082178394093,-5.38082178394093,-0.695878402123007,-5.38082178394093,-5.38082178394093,-5.38082178394093,0.408168370708106,-5.38082178394093,0.309564269536238,-5.38082178394093,-5.38082178394093,-5.38082178394093,-5.38082178394093,-2.35845397091248,-5.38082178394093,1.08474462086847
"X-1461",-1.19429481516149,-1.19429481516149,-1.19429481516149,-1.19429481516149,-1.19429481516149,-1.19429481516149,-1.19429481516149,-1.19429481516149,-1.19429481516149,-1.19429481516149,-1.19429481516149,-1.19429481516149,-1.19429481516149,-1.19429481516149,-1.19429481516149,-1.19429481516149,-1.19429481516149,-1.19429481516149,-1.19429481516149,-1.19429481516149
"X-1465",-2.49005085369569,-2.49005085369569,-1.48735170409473,-0.243545976242434,-2.49005085369569,-2.49005085369569,-0.513886338710197,0.0754185345212554,-2.49005085369569,-1.1456053222469,-2.49005085369569,-2.49005085369569,-2.49005085369569,0.490570130446201,-0.625934281777462,-2.49005085369569,-1.08722241211206,-0.693543313875077,-0.240134003723715,0.275801701907672
"X-1496",0.0219534411040491,0.401630466584741,0.0899500521868504,0.217851096811131,-0.0699565842874268,0.556797246592743,0.134878054343112,0.00863030514344006,0.589124277829244,0.175471373948955,0.321158452275944,-0.644607789187863,0.527070335512661,0.040307988653537,0.136628898054224,0.429035645319843,0.348610137539868,-1.19870335958781,-0.439611115148536,-0.18825497933718
"X-1497",0.400173566646853,-0.373950307235645,-0.0908029370083124,-2.06693100811899,-1.81096617560998,0.633508710022105,1.79618241072,0.0958119247713048,0.342933953007665,-1.47126200155643,-0.782562460606317,-0.452714702422716,-1.89075089295327,1.2732174731035,0.096711641071677,-0.125006361067033,0.65779242135512,-0.268237479142407,2.17781151240347,0.416839741912829
"X-1575",-3.22431729826094,-3.22431729826094,-3.22431729826094,-3.22431729826094,-3.22431729826094,-3.22431729826094,-3.22431729826094,-3.22431729826094,-3.22431729826094,-3.22431729826094,-3.22431729826094,-3.22431729826094,-3.22431729826094,-3.22431729826094,-3.22431729826094,-3.22431729826094,-3.22431729826094,-3.22431729826094,-3.22431729826094,-3.22431729826094
"X-1593",0.693022246578609,-2.04097178105631,0.581752944245266,0.348610137539868,-2.04097178105631,-1.39846194307666,-0.0325854296262875,-0.401634794676355,-0.931443829967557,0.458031962897256,0.42867840994823,-0.199807603836812,-2.04097178105631,-2.04097178105631,-0.320726349677609,-1.39846194307666,-2.04097178105631,0.940104091357055,-2.04097178105631,-0.423397244324124
"X-1595 - possible glutathione metabolite",-4.21089678249862,-4.21089678249862,-0.740978656672829,-2.52560722310474,-4.21089678249862,-4.21089678249862,-4.21089678249862,-0.755518819354565,-4.21089678249862,-4.21089678249862,-4.21089678249862,-3.79585928321977,-4.21089678249862,-4.21089678249862,-4.21089678249862,-4.21089678249862,-4.21089678249862,-0.0543922968186278,-4.21089678249862,-1.60530294900533
"X-1597",-0.447458976971221,-1.71469643032517,0.011018478244464,-1.06290675156019,-0.683468045673581,-0.215356430689318,-0.0674348303838904,-0.0193653248669312,-0.129207878534966,-0.815190761471708,-0.63710935733414,0.160489982410541,-0.901490607865929,-0.226566238764502,-0.283374854117969,-1.26072793845062,-0.98184063088116,-0.195395688958431,0.264636510430295,0.126972856257766
"X-1609",-0.745809113331335,0.131808955697067,-0.513886338710197,1.46292482867539,-2.52837897235479,-1.00481701629778,0.773715070594074,0.0588936890535686,-0.146669649142009,0.759865996276285,0.438292851579147,-0.392768335437811,0.0598167185417972,-1.36959452851768,-0.719439541581193,-3.12029423371771,-3.12029423371771,0.0412429822318813,-0.237863830098888,0.430820496519772
"X-1616",-0.260727938450625,-0.142417044615852,-0.3040061868901,-1.74178261046398,-1.70839644196944,0.714575238851626,1.09220743809709,0.0157829972409275,0.371465932402205,-0.240702105735737,-0.645359780365112,0.15618085423416,-1.14347902113851,0.492622328574446,-0.268237479142407,-1.24582511580157,-0.0509008983000378,0.0124494868334938,1.53439367631852,0.738407568340113
"X-1677",-0.615581735779548,-3.96578428466209,-2.77266965584788,-3.96578428466209,-2.30519407912756,-0.299264374763031,-0.10056653821849,-0.238431038693137,1.4625758880422,-1.26303440583379,-0.385211644005319,0.664786214362413,-1.16165326347877,1.37888149764132,-1.15842936260448,-0.457989644463391,-3.96578428466209,1.30100225603281,0.281747698952869,0.639077773496774
"X-1713",0.896853072896707,-5.79585928321977,-0.722610301189136,-5.40099966587856,-5.79585928321977,-0.240702105735738,0.794658461334552,0.916349248522504,-0.562062098611077,-0.114555789901826,1.84130225398094,0.0913049075447334,-3.04295214518455,-0.397828209246621,0.753319277744041,-1.90689059560852,0.58848478533611,1.16542962042419,-5.79585928321977,-0.128156351490682
"X-1736 - retired - p-hydroxybenzaldehyde",-0.0775484017057158,-2.05289494843213,0.142740172116082,-0.406725916116351,0.139687771011811,-0.117161344232749,0.0205318331313526,-0.0360327312447563,0.010541159781586,-0.928694965926867,-0.0923401721467104,0.215782123215621,0.0473057147783568,0.237563718317675,-0.115076524446693,-0.0867116331933308,-0.359070639030816,0.220742684117355,-0.110915901401851,0.0412429822318813
"X-1819",-0.489375592723432,-0.434402824145775,-0.552861657554132,-0.473263428523736,-0.873027143742234,-0.324334592594458,0.672349904964451,-0.169744675832317,0.93457940385728,0.84210725448963,-0.81012274089383,0.566571640626761,-0.661242821971767,-2.32674511118514,-0.439611115148536,-0.619270551496451,-0.234465253637023,-0.314134585167492,-0.0424567992428948,0.871317980789569
"X-2005",-2.64385618977472,-2.64385618977472,-2.64385618977472,0.0985093921340712,-2.64385618977472,-1.18442457113743,0.0328061450832415,0.0195833156475546,-2.64385618977472,2.40925514668484,-2.64385618977472,-2.64385618977472,-2.64385618977472,-2.64385618977472,-2.64385618977472,-2.64385618977472,0.33151414371656,0.667816450807028,-0.0954195650786826,-1.47259597764859
"X-2008",-2.66200353648498,-2.66200353648498,-0.724198298092328,-2.66200353648498,-2.66200353648498,-2.66200353648498,-2.66200353648498,-2.66200353648498,-2.66200353648498,-2.66200353648498,-2.66200353648498,-2.66200353648498,-2.66200353648498,-2.66200353648498,-0.475267635895226,-2.66200353648498,-2.66200353648498,-1.188803011648,-2.66200353648498,-0.614108846380673
"X-2027",0.250961573533219,3.25489633639012,-0.0286557164961793,3.94913023687506,-1.45403163089471,1.12983251039701,2.22691949549751,-0.533242384273829,0.173767067736707,2.64984535230601,-2.41888982477445,-1.19539568895843,-2.20423305221761,4.83565463825753,-0.0933659063107079,-0.923212900910451,1.91813176843618,-3.15842936260448,0.380360047646098,0.0176844077842165
"X-2041",-0.069451880752145,-1.37457363627575,-0.258425152581204,-2.21535643068932,-1.85377925914896,0.408168370708106,2.06004738366994,-0.0130430374755989,1.58784500925428,-3.07501335441685,-0.194294815161489,-2.06290675156019,-3.49005085369569,1.62947319678695,1.61148717276637,-0.301633332669515,-0.456669099711339,-0.12605559387029,1.98671430924977,0.418999465431266
"X-2064",0.835115615258218,-3.50635266602479,0.508259609817868,-2.27462238010901,-1.18989970120358,-1.14029543387925,-0.370215978038761,0.0257375614136083,0.0758748669751276,-2.43180571265974,-0.0394882898809755,-0.178970141045319,-1.09850554495243,0.141432790929296,0.377031176699099,-0.652901329377732,-1.74339186332564,0.330367175291853,-1.04692104738749,-0.327348370671615
"X-2074",-2.47393118833241,-2.47393118833241,-1.16272950003811,-2.47393118833241,-2.47393118833241,-0.589297090985047,0.176748283642188,-0.835642776147076,0.0247924614512871,-2.47393118833241,-2.47393118833241,-2.47393118833241,-2.47393118833241,-0.185517936131699,-2.05889368905357,-2.47393118833241,-2.47393118833241,-0.0464243370913521,0.119024103142275,-0.749038426466781
"X-2077",-0.769387071858584,-2.35845397091248,-2.35845397091248,-2.35845397091248,-2.35845397091248,-2.35845397091248,-0.334000927187938,-1.62593428177746,-2.35845397091248,-0.58352052654725,-1.63785744915328,-2.35845397091248,-2.35845397091248,-2.35845397091248,-2.35845397091248,-2.35845397091248,-2.35845397091248,-0.218710237021592,-2.35845397091248,0.168642035558839
"X-2109",0.0143552929770701,-0.0908029370083126,-0.0301281048269633,0.34672055633865,0.22650852980868,0.175471373948955,0.18269229751619,-0.0222926746184539,-0.405451450449646,0.0524158941511385,0.0421773702443943,-0.170826967736705,0.135315964512171,-0.0882445127859791,-0.0943923702749548,0.247725015718376,0.154021453979356,-0.0985055449524252,-0.0785636691937021,0.0612001564367376
"X-2136",-2.52284078881336,-2.52284078881336,-2.52284078881336,-2.52284078881336,-2.52284078881336,-2.52284078881336,-2.52284078881336,-1.06190243892591,0.183962834842595,-2.52284078881336,-2.52284078881336,-2.10366355917359,-2.52284078881336,-1.58496250072116,-2.10987761777237,-2.52284078881336,-2.52284078881336,-2.52284078881336,-0.183332034136416,-2.52284078881336
"X-2139",-3.41119543298445,-3.41119543298445,-3.41119543298445,-0.553567304445622,-3.41119543298445,-1.33642766458248,0.83700131532805,-0.166502663140165,0.803227036434928,-0.851174332095974,-3.41119543298445,-0.078563669193702,-3.41119543298445,-2.44483827681209,-3.41119543298445,-3.41119543298445,-3.41119543298445,-3.41119543298445,-1.83307036231685,0.0708472536342964
"X-2177",-2.43440282414578,-2.43440282414578,-2.43440282414578,-2.43440282414578,-2.43440282414578,-2.43440282414578,-2.43440282414578,-2.43440282414578,-2.43440282414578,-2.43440282414578,-2.43440282414578,-2.43440282414578,-2.43440282414578,-0.479284422826619,-2.43440282414578,-1.13078660753535,-2.43440282414578,-2.43440282414578,-2.43440282414578,-2.43440282414578
"X-2185",-1.40099966587856,-5.38082178394093,-1.12868201921043,-0.0760268388567608,-3.43180571265974,-0.344953535986086,2.39020909022827,-0.542318163312663,-1.01449956969512,-0.387097109367418,-1.71469643032517,-0.628162382669579,-5.38082178394093,1.35219353774503,0.93985342763635,-3.57920323143247,0.44325300640928,0.196607044094818,-1.93603694126803,0.377401430785794
"X-2193",-1.59509687785487,-1.59509687785487,-0.80171540334304,-1.59509687785487,-1.59509687785487,-1.59509687785487,-1.59509687785487,-1.59509687785487,-1.59509687785487,-1.59509687785487,-1.59509687785487,-1.59509687785487,-0.0995356735509144,-1.59509687785487,-1.59509687785487,-1.59509687785487,-1.59509687785487,-1.59509687785487,-1.59509687785487,-1.59509687785487
"X-2255 - hydroxyproline form of bradykinin",0.319232547516719,-4.01158797427521,0.0717626693000913,-0.476605322630738,-2.47393118833241,0.902009243649251,-1.14773476180825,-0.198151554248939,-0.330973234490369,-2.83650126771712,-0.806753924323069,0.635986503745623,-1.53393849769669,1.88674522474211,-1.03701918943081,-1.32072634967761,-4.01158797427521,0.590402413054273,-0.759583896828225,1.25055740066578
"X-2269",-1.61705613043101,-1.61705613043101,-1.61705613043101,-1.61705613043101,-1.61705613043101,-1.61705613043101,-1.61705613043101,-1.61705613043101,-1.61705613043101,-1.61705613043101,-1.61705613043101,-1.61705613043101,-1.61705613043101,-1.61705613043101,-1.61705613043101,-1.61705613043101,-1.61705613043101,-0.727379545337008,-0.216473500076053,-1.61705613043101
"X-2272",-2.22431729826094,-2.22431729826094,-2.22431729826094,-2.22431729826094,-2.22431729826094,-2.22431729826094,-2.22431729826094,-2.22431729826094,-2.22431729826094,-2.22431729826094,0.597094108289094,0.0717626693000913,-2.22431729826094,1.54465023740931,0.177173669179956,-2.22431729826094,-2.22431729826094,0.242043508917821,-2.22431729826094,-2.22431729826094
"X-2292",0.884663037780078,-1.48465759492547,0.288063200325316,-0.0518975788515186,-4.23786383009889,-1.07501335441685,0.411426245726465,0.296310560708092,0.0671797714155079,0.786317553301498,0.152291603603174,0.0935601761623378,-3.07096652135414,-4.23786383009889,-1.57920323143247,-1.17897014104532,-4.23786383009889,1.62838478101228,-0.633374705906402,0.895302621333307
"X-2594",-2.18442457113743,-0.710755714843358,-2.18442457113743,-2.18442457113743,-2.18442457113743,-0.905989192866986,-0.165423609207372,-0.685786870240643,-0.608232280044004,-0.79836613883035,-2.18442457113743,-0.996157933705606,-2.18442457113743,-2.18442457113743,-2.18442457113743,-2.18442457113743,-2.18442457113743,-2.18442457113743,-0.783389931257558,0.389566811762726
"X-2688",-0.623709616662948,0.924479992359022,-1.79585928321977,0.0786098346963665,-2.3933998500204,1.2410265954755,1.86855507849434,-0.124482030681145,0.875517969318855,1.69777381955519,-1.59219406995223,-1.62445079060213,-3.31234204605816,0.801572569463598,-1.2276920250416,-2.62000944782036,0.0114956388378294,-1.48331242462672,1.77568270173906,0.583679534837683
"X-2690",-4.0350469470992,-4.0350469470992,-4.0350469470992,-0.416962376203336,-4.0350469470992,-4.0350469470992,-0.500898235932682,-0.368973346574436,-1.45666909971134,-1.41888982477445,-3.28865194001306,-4.0350469470992,-4.0350469470992,3.16290822285307,-4.0350469470992,-4.0350469470992,0.637223806600956,-4.0350469470992,-0.289239476181188,-0.145605322246899
"X-2698",-2.53951952995999,-2.53951952995999,-2.53951952995999,-0.57132159005177,-0.33885849083724,-2.53951952995999,-1.15842936260448,0.0989584800881688,-2.53951952995999,-2.53951952995999,-2.53951952995999,-2.53951952995999,-2.53951952995999,-2.53951952995999,-1.7401751506421,-2.53951952995999,0.324234562270531,-2.53951952995999,1.07107616201096,0.966184336615453
"X-2711",-3.53951952995999,-3.53951952995999,-0.201465556565791,-3.53951952995999,-3.53951952995999,-2.03111053254003,-1.34129341975429,-2.09953567355091,-0.419532880296971,-3.53951952995999,-3.53951952995999,-3.53951952995999,-3.53951952995999,-1.61410884638067,-3.12448203068115,-3.53951952995999,-3.53951952995999,-0.0242475462466772,0.166929637683153,-0.105214566354931
"X-2724",-2.21759143507263,-2.21759143507263,-2.21759143507263,-2.21759143507263,-2.21759143507263,-1.80255393579378,-0.0523961774536436,-2.21759143507263,0.209557339903139,-2.21759143507263,-2.21759143507263,-2.21759143507263,-2.21759143507263,-0.663526169914858,-2.21759143507263,-2.21759143507263,0.475430811505982,-2.21759143507263,2.09637431320898,-2.21759143507263
"X-2725",-4.265344566521,-4.265344566521,-4.265344566521,-3.06693100811899,-4.265344566521,-2.52837897235479,-0.32313084196902,0.218264535713771,-4.265344566521,-4.265344566521,-4.265344566521,-0.0892673380970872,-4.265344566521,-4.265344566521,-1.73696559416621,-4.265344566521,-0.720231578406405,-4.265344566521,-4.265344566521,1.65779242135512
"X-2746",1.23715577400819,-2.62593428177746,-0.143479021138511,-1.13817693857803,0.16478627814334,-0.0355397549744927,1.50114187052213,-0.788364746672851,0.368116451891351,-0.574898817376459,-1.32192809488736,1.06396305873197,-0.803392955905182,-0.238431038693137,-0.747422866341753,-0.604571544659685,2.60478300420992,0.396159489073155,0.7982579326445,-0.495464349882054
"X-2753",-2.69899774396719,0.0162585848637904,-1.09234017214671,0.445020365494558,-1.41375567330301,-1.81942775435818,0.408530720337259,-0.10056653821849,0.666605119887091,0.369978234367937,-2.69899774396719,-1.60969917904266,-2.69899774396719,-0.459311399059636,-1.58207999218804,-2.69899774396719,0.211635253327149,-0.897006006676674,1.70943769194293,0.412510571249805
"X-2757",-1.39213709716876,-6.05889368905357,-0.947120440397051,-6.05889368905357,-3.40608854255136,-0.0252259762881735,0.283724264600979,-0.0573916638883367,1.25962401480048,-1.2276920250416,-1.00965017003372,0.0454429707611671,-0.949904670995942,0.0528795596029489,-1.00288827932483,-0.73296366360871,-6.05889368905357,0.119024103142275,0.733209702281871,-0.0389941316158637
"X-2767",-2.21089678249862,-2.21089678249862,-0.57132159005177,-2.21089678249862,-2.21089678249862,-2.21089678249862,-1.06693100811899,0.278183042268243,0.43545080182303,-1.42404231254005,-0.646864939647063,-1.06693100811899,-2.21089678249862,-2.21089678249862,-0.105214566354931,-2.21089678249862,-2.21089678249862,-1.35475948735473,-2.21089678249862,0.0384361816561082
"X-2768",-2,-2,-2,-2,-2,-2,-2,-1.26303440583379,-2,-2,-2,-2,-2,-2,-2,-2,-2,-2,-2,0.148391839892671
"X-2781",-1.63935479753978,-1.63935479753978,-1.63935479753978,-1.63935479753978,-1.63935479753978,-1.63935479753978,0.0808850205343943,-1.63935479753978,-1.63935479753978,-0.869508373605438,-1.63935479753978,-1.63935479753978,-1.63935479753978,-1.63935479753978,-1.63935479753978,-1.63935479753978,-1.63935479753978,-1.63935479753978,-0.16596303528989,-1.63935479753978
"X-3129",0.0953618561228602,-0.264189023775286,0.192404608729257,-0.115076524446693,0.000480818215045039,-0.025715440259243,-0.0745068790593921,-0.215356430689318,-0.453373016393021,0.192825403552391,-0.0499049058263139,0.12212049105055,-0.0389941316158637,-0.10056653821849,-0.459311399059636,-0.0933659063107079,-0.227692025041597,0.0621217119077975,-0.232203975680519,-0.15200309344505
"X-3138",-0.301633332669515,-2.85725982788392,-0.859003266211969,-2.85725982788392,-2.25153876699596,-1.57346686188333,-2.85725982788392,-2.0350469470992,-2.85725982788392,-2.85725982788392,-2.85725982788392,0.0926584917324306,-0.14826761316828,-2.85725982788392,-2.85725982788392,-2.85725982788392,-2.85725982788392,-1.45271470242272,-2.85725982788392,-0.772669655847885
"X-3165",-2.00578235259401,-2.00578235259401,0.18987725910617,-2.00578235259401,-0.29689930039584,-0.0619024389259069,-2.00578235259401,0.235931248507409,-0.949904670995942,-2.00578235259401,-0.45139897498005,0.454877763810635,-2.00578235259401,-0.214240225572989,0.138377619530015,-2.00578235259401,-0.584241333477502,-0.903288358928323,-0.108321592051636,0.419718655396752
"X-3176 - possible creatine",0.133563525741106,-5.52837897235479,-2.24925059040069,-3.7178567712185,-1.79585928321977,-3.05090089830004,2.88642008105659,0.0904018120279894,-0.0394882898809755,-1.6363616532278,-0.0821227424652247,0.180572245641821,-6.50635266602479,-0.475936324222789,0.757592244756164,-1.25497785096274,-0.298081352932995,-0.0375126715771906,0.62854031926276,2.64308654716331
"X-3178 - possible NH3 adduct of isobar 42",-1.02034044828418,0.162639729553787,-0.277533975528909,1.92308577784684,-3.13289427049735,-1.55497963450544,1.72057033151814,0.0473057147783568,0.392134211775798,0.273018494406416,-1.95455702923883,0.898401859992193,-2.05090089830004,-0.377694327609128,-0.613372965191094,-0.933279320089047,0.178449073748851,-0.580640894771063,2.0830431287018,-1.81942775435818
"X-3180",-1.59509687785487,-1.59509687785487,-1.59509687785487,-1.59509687785487,-1.59509687785487,-1.59509687785487,-1.59509687785487,-1.59509687785487,-1.59509687785487,-1.59509687785487,-1.59509687785487,-1.59509687785487,-1.59509687785487,-1.59509687785487,-1.59509687785487,-1.59509687785487,-1.59509687785487,-1.59509687785487,-0.48264030952447,-0.502259911390907
"X-3183 - possible gamma-L-glutamyl-L-phenylalanine",-3.73696559416621,-3.73696559416621,-3.73696559416621,-3.73696559416621,-3.73696559416621,-3.73696559416621,-3.73696559416621,-3.73696559416621,-3.73696559416621,-3.73696559416621,-3.73696559416621,-3.73696559416621,-0.0218043703183484,-3.73696559416621,-3.73696559416621,-3.73696559416621,-3.73696559416621,-3.73696559416621,-0.531851164261594,-3.73696559416621
"X-3216",-2.27928375747887,-2.27928375747887,1.57934108237249,-2.27928375747887,-2.27928375747887,-2.27928375747887,-2.27928375747887,-2.27928375747887,-2.27928375747887,-1.08722241211206,-2.27928375747887,-2.27928375747887,-2.27928375747887,-2.27928375747887,-2.27928375747887,-2.27928375747887,-0.978046558895951,-2.27928375747887,-2.27928375747887,-1.47794425083904
"X-3218",-2.76611193982572,-1.58207999218804,0.127853353716216,0.510624407276568,-2.76611193982572,-2.76611193982572,-0.159503195955801,-0.186612130375192,-0.591469279662741,1.0512560781542,-0.473931188332412,0.0556584273145416,-2.76611193982572,-2.76611193982572,-0.113514884343765,-2.76611193982572,-1.00192487692449,-2.76611193982572,-0.682695931638085,-0.236730081481885
"X-3234",-1.19099722506091,-1.19099722506091,-1.19099722506091,-1.19099722506091,-1.19099722506091,-1.19099722506091,-1.19099722506091,-1.19099722506091,-1.19099722506091,-1.19099722506091,-1.19099722506091,-1.19099722506091,-1.19099722506091,-1.19099722506091,-1.19099722506091,-1.19099722506091,-1.19099722506091,-1.19099722506091,-1.19099722506091,-1.19099722506091
"X-3358",0.241636829551945,-0.256126036491616,-1.00578235259401,0.415037499278844,0.135315964512171,0.218264535713771,-0.229382353343797,0.0463746434063252,-0.622228410125353,-0.531851164261594,0.246509432126542,-0.262457443202273,0.0500953290040581,0.314599859433537,0.339137384919585,0.189455603384657,-0.235031127361041,-0.648371670897218,-1.54652631906505,-0.0257154402592431
"X-3363",-1.8008773579864,-1.8008773579864,-1.8008773579864,-1.8008773579864,-1.8008773579864,-1.8008773579864,-1.8008773579864,1.08678376614207,-1.8008773579864,-1.8008773579864,-1.8008773579864,-1.8008773579864,-1.8008773579864,-1.8008773579864,-1.8008773579864,-1.8008773579864,-1.8008773579864,-1.8008773579864,-1.8008773579864,-0.653657657070487
"X-3365",-2.92139016530363,1.99891757275836,-2.92139016530363,0.219917107533516,-2.92139016530363,-2.92139016530363,-0.567753210688933,-2.92139016530363,-2.92139016530363,-1.77595972578207,-2.92139016530363,-2.92139016530363,-2.92139016530363,-2.92139016530363,-2.92139016530363,-2.92139016530363,-1.35230174393088,-2.92139016530363,-0.545122236189365,-2.92139016530363
"X-3370",-2.36587144247496,-2.36587144247496,-2.36587144247496,-2.36587144247496,-2.36587144247496,-0.193744693118259,-2.36587144247496,-0.721024050297185,-0.764477157734777,-2.36587144247496,-0.382701517159154,-0.163806540058933,-2.36587144247496,-1.43961111514854,-2.36587144247496,-2.36587144247496,-2.36587144247496,-1.10676724278199,-1.05989590864295,0.510961919277379
"X-3380",-2.68965987938785,-2.68965987938785,-2.68965987938785,0.132686507452159,-2.68965987938785,-1.19539568895843,-2.68965987938785,-1.79419046285916,-2.68965987938785,-0.337642565741337,-2.68965987938785,-2.68965987938785,-2.68965987938785,-2.68965987938785,-2.68965987938785,-2.68965987938785,-1.19539568895843,-2.68965987938785,-2.68965987938785,-2.68965987938785
"X-3389",-2.17788172527066,-2.17788172527066,-2.17788172527066,-2.17788172527066,-2.17788172527066,-1.76121314041288,-0.0974761513726201,-2.17788172527066,-2.17788172527066,-0.416320465162317,-2.17788172527066,-0.174621396107069,-2.17788172527066,-2.17788172527066,-2.17788172527066,-2.17788172527066,-2.17788172527066,-2.17788172527066,-2.17788172527066,-1.11611855774652
"X-3390",2.29513524900082,-3.87832144341175,-0.244115423670742,-3.87832144341175,0.134001835038382,-3.87832144341175,-3.87832144341175,-3.46859774402937,-3.87832144341175,-3.87832144341175,-0.261880711217423,-3.87832144341175,-3.87832144341175,-1.19870335958781,-0.284545872884282,0.131369979566831,-3.87832144341175,-1.55780844921743,-3.87832144341175,-1.17570735403632
"X-3394",-0.973317957347495,-1.92139016530363,-1.92139016530363,-1.92139016530363,-1.92139016530363,-1.92139016530363,-1.92139016530363,-1.92139016530363,-1.92139016530363,-1.92139016530363,-1.92139016530363,-1.92139016530363,-1.92139016530363,-1.92139016530363,-1.92139016530363,-1.92139016530363,-1.92139016530363,-1.92139016530363,-1.92139016530363,-1.92139016530363
"X-3400",-1.60384051092685,-1.60384051092685,-1.60384051092685,-1.60384051092685,-1.60384051092685,-1.60384051092685,-1.60384051092685,-1.60384051092685,-1.60384051092685,-1.60384051092685,-1.60384051092685,-1.60384051092685,-0.759583896828225,-1.60384051092685,-1.60384051092685,-1.60384051092685,-1.60384051092685,-1.60384051092685,-1.60384051092685,-1.60384051092685
"X-3435",-0.382701517159154,-3.49005085369569,-1.54231816331266,-3.49005085369569,-3.49005085369569,-3.49005085369569,-0.891642821909581,0.397620446201434,-3.49005085369569,-3.49005085369569,-2.09747615137262,-3.07501335441685,-3.49005085369569,-2.12658049656514,-0.0800879113226919,-3.49005085369569,-3.49005085369569,0.326537348139952,-3.49005085369569,-3.49005085369569
"X-3439",-1.72261030118914,-5.05889368905357,-3.26534456652099,-5.05889368905357,-5.05889368905357,-0.791690846223074,0.97281517067377,-0.846843211938579,1.22917771658466,-2.52560722310474,-0.766930026063062,0.691236364311086,-2.36339471218275,0.0328061450832418,-2.93236128312464,-0.721816957731757,-5.05889368905357,1.29022778443864,1.36289064266586,0.237563718317676
"X-3489",-2.21759143507263,-2.21759143507263,-1.26650103555357,-2.21759143507263,-2.21759143507263,-2.21759143507263,-2.21759143507263,-2.21759143507263,-2.21759143507263,-2.21759143507263,-2.21759143507263,-2.21759143507263,-2.21759143507263,-2.21759143507263,-2.21759143507263,-2.21759143507263,-2.21759143507263,0.277389698810864,-2.21759143507263,-2.21759143507263
"X-3498",-3.39592867633114,-3.39592867633114,-1.2584251525812,-3.39592867633114,-2.89253530263145,-3.39592867633114,-3.39592867633114,-0.731365994518644,-3.39592867633114,-3.39592867633114,-3.39592867633114,-1.47126200155643,-3.39592867633114,-3.39592867633114,-2.97709959788992,-3.39592867633114,-3.39592867633114,-2.28865194001306,0.304900380644023,-0.479954975960182
"X-3603",-0.248107861595691,-0.367731784500487,-0.133949257777183,-0.606034724339757,-0.175164272892737,0.328453532564149,-0.0276749584428483,0.0763310551341504,-0.145073453101377,-0.0345543075038763,0.243262859637728,-0.287477585010582,0.160059648316108,-0.0179038744219608,-0.486004020632987,0.0962618530584035,-0.0335695326937017,-0.202571917847687,-0.0775484017057158,-0.440263475567017
"X-3772",-2.96578428466209,-2.96578428466209,-0.243545976242434,-2.96578428466209,-2.96578428466209,-1.51182779609094,-0.61116757106855,-1.61116757106855,-0.536726315068309,-2.96578428466209,-2.96578428466209,-2.04295214518455,-2.96578428466209,-1.09131516674595,-2.50362287326922,-2.96578428466209,-2.96578428466209,0.476813696865534,-0.0856906175520678,0.19828459665696
"X-3778",-0.023758579951236,0.767231037023876,-0.613372965191094,0.925746291958348,-0.778432211461591,-0.510457064357526,1.63412855752504,0.362142550846718,-0.0593947118198087,1.24893957594801,0.0561210519909089,-1.36711140391002,-1.95083394319612,-6.15842936260448,-0.0252259762881735,-0.0144995696951151,-6.15842936260448,0.374807654490311,-0.210340294529948,0.572404647390332
"X-3802",-0.814344854064953,-2.55922493930755,-1.16920383419866,-3.10780328953451,-1.76938707185858,-3.10780328953451,-1.6229688233009,-1.28982725172034,0.328070499230985,-3.10780328953451,-2.63486740654747,-3.10780328953451,-3.10780328953451,1.8491986517647,-0.0918275784156513,-3.10780328953451,-1.48600402063299,0.818032474658095,-3.10780328953451,-3.10780328953451
"X-3803",-2.38835545662634,-2.38835545662634,-2.38835545662634,-2.38835545662634,-2.38835545662634,-2.38835545662634,-2.38835545662634,-2.38835545662634,-2.38835545662634,-2.38835545662634,-2.38835545662634,-2.38835545662634,-2.38835545662634,-2.38835545662634,-2.38835545662634,-2.38835545662634,-2.38835545662634,-2.38835545662634,-2.38835545662634,-2.38835545662634
"X-3806",-1.36959452851768,-1.36959452851768,-1.36959452851768,-1.36959452851768,-1.36959452851768,-1.36959452851768,-1.36959452851768,-1.36959452851768,-1.36959452851768,-1.36959452851768,-1.36959452851768,-1.36959452851768,-1.36959452851768,-1.36959452851768,-1.36959452851768,-1.36959452851768,-1.36959452851768,-1.36959452851768,-1.36959452851768,-1.36959452851768
"X-3808",-2.08314123530025,-2.08314123530025,-2.08314123530025,-0.0499049058263139,-2.08314123530025,-2.08314123530025,-0.357221424882028,-2.08314123530025,-0.0360327312447563,0.0514881159578209,-2.08314123530025,-0.424042312540053,-2.08314123530025,-2.08314123530025,-2.08314123530025,-2.08314123530025,-2.08314123530025,-2.08314123530025,-0.449427630959967,-1.48735170409473
"X-3810",0.478540441585002,-3.41119543298445,-0.153072152434976,-3.41119543298445,-2.09131516674595,0.0398402645317911,-0.149867349101059,-3.41119543298445,3.08088502053439,-1.7401751506421,-1.39592867633114,-2.99232607211458,-3.41119543298445,-0.359687570851587,0.93834853003026,-1.88718868116597,-2.36587144247496,-0.183332034136416,-1.94897599697553,-3.41119543298445
"X-3816",-2.28630418515664,-2.28630418515664,-2.28630418515664,-0.0499049058263139,-2.28630418515664,-2.28630418515664,-0.0985055449524252,-2.28630418515664,-0.504304837375931,-0.784217876784379,-2.28630418515664,0.00144197417390632,-2.28630418515664,-2.28630418515664,-2.28630418515664,-2.28630418515664,-2.28630418515664,-2.28630418515664,0.365879136827992,-2.28630418515664
"X-3830",-1.66200353648498,-1.66200353648498,-1.66200353648498,-1.66200353648498,-1.66200353648498,-1.66200353648498,-1.66200353648498,-1.66200353648498,-1.66200353648498,-1.66200353648498,-1.66200353648498,-1.66200353648498,-1.66200353648498,-1.66200353648498,-1.66200353648498,-1.66200353648498,-1.66200353648498,-0.283960244688342,-1.66200353648498,-0.878321443411748
"X-3832 - possible phenol sulfate",-2.19759995988516,-2.19759995988516,-2.19759995988516,-2.19759995988516,-2.19759995988516,-2.19759995988516,-0.771027430239839,-2.19759995988516,-2.19759995988516,-2.19759995988516,-2.19759995988516,-2.19759995988516,-2.19759995988516,-2.19759995988516,-2.19759995988516,-2.19759995988516,-2.19759995988516,-2.19759995988516,-2.19759995988516,-2.19759995988516
"X-3833",-2.10780328953451,-2.10780328953451,-0.710755714843358,-2.10780328953451,-2.10780328953451,-2.10780328953451,-2.10780328953451,-2.10780328953451,0.188611922050151,-2.10780328953451,-2.10780328953451,-0.446803355491686,-2.10780328953451,-0.619270551496451,-0.948047920365278,-2.10780328953451,-2.10780328953451,-2.10780328953451,-0.000480978514503093,0.175471373948955
"X-3843",-1.19429481516149,-1.19429481516149,-1.19429481516149,-1.19429481516149,-1.19429481516149,-1.19429481516149,-1.19429481516149,-1.19429481516149,-1.19429481516149,-1.19429481516149,-1.19429481516149,-1.19429481516149,-1.19429481516149,-1.19429481516149,-1.19429481516149,-1.19429481516149,-0.718647939344109,-0.377069649079823,-1.19429481516149,-1.19429481516149
"X-3888",-2.06491747668134,-2.06491747668134,-2.06491747668134,-2.06491747668134,-2.06491747668134,-2.06491747668134,-2.06491747668134,-2.06491747668134,-2.06491747668134,-2.06491747668134,-2.06491747668134,-2.06491747668134,-2.06491747668134,-2.06491747668134,-2.06491747668134,-2.06491747668134,-2.06491747668134,-2.06491747668134,-2.06491747668134,-2.06491747668134
"X-3893",-1.75146516386132,-1.75146516386132,-1.75146516386132,-1.75146516386132,-1.75146516386132,-1.75146516386132,-1.75146516386132,-1.75146516386132,-1.75146516386132,-1.75146516386132,-1.75146516386132,-1.75146516386132,-1.75146516386132,-1.75146516386132,-1.75146516386132,-1.75146516386132,-1.75146516386132,-1.75146516386132,-0.385211644005319,-1.75146516386132
"X-3951",-2.24013400372371,-3.17136841831198,-0.694321256757713,-3.17136841831198,-0.0760268388567608,-1.03012810482696,-1.64385618977472,-0.464610560355934,-0.780082892466484,-3.17136841831198,-0.939721988075891,0.268634005481357,-1.89611075685528,-0.598005538196755,-0.614108846380673,-3.17136841831198,-2.6229688233009,-0.539519529959989,-0.390875448604854,-0.885410868198067
"X-3952",-0.132894270497345,-0.184424571137427,0.144046369616707,0.235931248507409,0.0944612973914402,0.0426443374084937,0.149259365499623,-0.235597223126943,-0.396561576117946,0.15618085423416,0.179723351800977,0.0625822689878106,0.097610796626422,-0.269396270402207,-0.266501035553573,0.263034405833794,0.219091058246197,-0.0375126715771904,-0.453373016393021,-0.170826967736705
"X-3955",-0.172451929471351,-3.68038206579984,1.62776246026894,-3.68038206579984,1.84438565300257,-0.374573636275753,-3.68038206579984,0.800192396163188,-3.68038206579984,-3.68038206579984,0.753319277744041,1.9741621677966,1.45855699294159,0.385891153619327,-0.364013496254377,0.635677012155701,-3.68038206579984,-0.652145397979306,-3.68038206579984,1.77357442277131
"X-4003",-2.68965987938785,-2.68965987938785,-0.628162382669579,-2.68965987938785,-2.68965987938785,-0.351687961730222,-0.705256734438868,0.320388398859802,0.011018478244464,-2.68965987938785,-2.13500501709315,-2.68965987938785,-2.68965987938785,-1.40608854255136,-2.68965987938785,-2.68965987938785,-2.68965987938785,0.620430012268529,0.892455791913769,1.75103517666786
"X-4013",-1.57346686188333,-1.57346686188333,-1.57346686188333,-1.57346686188333,-1.57346686188333,-1.57346686188333,-1.57346686188333,-1.57346686188333,-1.57346686188333,-1.57346686188333,-1.57346686188333,-1.57346686188333,-1.57346686188333,-1.57346686188333,-1.57346686188333,-1.57346686188333,-1.57346686188333,-1.57346686188333,-1.57346686188333,-1.57346686188333
"X-4030 - possible glutethimide or securinine",-1.7178567712185,-1.7178567712185,-1.7178567712185,-1.7178567712185,-1.7178567712185,-1.7178567712185,-1.7178567712185,-1.7178567712185,-1.7178567712185,-1.7178567712185,-1.7178567712185,-1.7178567712185,-1.7178567712185,-0.311745027617661,-1.7178567712185,-1.7178567712185,-1.7178567712185,-1.7178567712185,-0.265344566520995,-0.513199831421065
"X-4116",-2.49005085369569,-2.49005085369569,-2.49005085369569,-2.49005085369569,-2.49005085369569,-1.31712710862354,-0.362157939675895,-1.87478975244149,0.0926584917324306,-2.49005085369569,-1.96954620345829,-2.49005085369569,-2.49005085369569,0.102098187618736,-1.07400058144378,-2.49005085369569,-2.49005085369569,-2.49005085369569,1.76482736952072,-0.184971150056975
"X-4231",-1.82964759667606,-2.45798964446339,-2.45798964446339,-2.45798964446339,-2.45798964446339,-0.608965543104713,-0.453373016393021,-0.133949257777183,0.328453532564149,-2.45798964446339,-2.45798964446339,-2.45798964446339,-2.45798964446339,0.01292617444427,-1.80759539127074,-2.45798964446339,-1.43570313522153,-2.45798964446339,0.147523792308788,-0.285131738898786
"X-4238",1.39670752138398,-0.994240730711315,-0.926865295369785,1.57515094637708,-0.121863233373053,-0.139765518339447,0.17291415902674,-1.87478975244149,0.0219534411040491,0.65412998222075,-1.26303440583379,-0.0370191894308059,-0.112994713059641,2.46814883573841,0.898143844246019,0.278579550458423,-2.87832144341175,-0.187707155126729,-1.65138986246013,0.792438930064638
"X-4429",-2.17788172527066,-2.17788172527066,-2.17788172527066,-2.17788172527066,-2.17788172527066,-2.17788172527066,-2.17788172527066,0.0588936890535686,-2.17788172527066,-2.17788172527066,-2.17788172527066,-2.17788172527066,-2.17788172527066,-2.17788172527066,-2.17788172527066,-2.17788172527066,-2.17788172527066,-2.17788172527066,-2.17788172527066,-0.161653263478769
"X-4432",-1.76611193982572,-1.76611193982572,-1.76611193982572,-0.917751588240285,-0.917751588240285,-1.76611193982572,-1.76611193982572,-0.477274631406783,-1.76611193982572,-1.76611193982572,-1.76611193982572,-1.76611193982572,-1.76611193982572,-1.76611193982572,-0.888078409865702,-1.76611193982572,-0.422752464406849,-1.76611193982572,-1.76611193982572,-1.76611193982572
"X-4616 - retired duplicate of 5946",-1.2584251525812,-1.2584251525812,-1.2584251525812,-1.2584251525812,-1.2584251525812,-1.2584251525812,-1.2584251525812,-1.2584251525812,-1.2584251525812,-1.2584251525812,-1.2584251525812,-1.2584251525812,-1.2584251525812,-1.2584251525812,-1.2584251525812,-1.2584251525812,-1.2584251525812,-1.2584251525812,-1.2584251525812,-1.2584251525812
"X-4617",-2.12658049656514,-2.12658049656514,-0.628162382669579,-2.12658049656514,-2.12658049656514,-0.909598187972011,0.332278283056929,-1.48735170409473,-0.4118350672405,-1.05989590864295,-2.12658049656514,-2.12658049656514,-2.12658049656514,-0.758769964484555,-1.39466370909456,-2.12658049656514,-0.0188780102056894,-0.993283083785419,-0.522150008316135,0.130491626394562
"X-4667",0.105678077894537,-0.162191281400682,-0.509772186565937,-0.38458370273713,-6.50635266602479,0.0958119247713048,-0.754707176553473,0.00623817221121988,0.441129313620172,-1.09336590631071,0.360645202460216,1.04311115347498,-0.853779259148956,-0.269976015252641,0.647391267017872,-2.16272950003811,-6.50635266602479,0.114589131801933,-1.08824451278598,-0.913216233857933
"X-4706",-1.76611193982572,-1.76611193982572,-1.76611193982572,-1.76611193982572,-1.76611193982572,-1.76611193982572,-1.76611193982572,-1.76611193982572,-1.76611193982572,-1.76611193982572,-1.76611193982572,-1.76611193982572,-1.76611193982572,-1.76611193982572,-1.76611193982572,-1.76611193982572,-1.76611193982572,-1.76611193982572,-1.76611193982572,-1.76611193982572
"X-4906",-1.39592867633114,-1.39592867633114,-1.39592867633114,-1.39592867633114,-1.39592867633114,-1.39592867633114,-1.39592867633114,-1.39592867633114,-1.39592867633114,-1.39592867633114,-1.39592867633114,-1.39592867633114,0.144046369616707,-1.39592867633114,-1.39592867633114,-1.39592867633114,-1.39592867633114,-1.39592867633114,-1.39592867633114,-1.39592867633114
"X-5111",0.0685561700324434,-4.68038206579984,-1.47660532263074,-4.68038206579984,-4.68038206579984,-4.68038206579984,-3.01158797427521,-4.68038206579984,-1.47660532263074,-4.68038206579984,-4.68038206579984,-4.68038206579984,-4.265344566521,-0.957355662591506,-0.533938497696689,-4.68038206579984,-4.68038206579984,-0.045927797750402,-4.68038206579984,-1.31473259348316
"X-5147",-3.01158797427521,-3.01158797427521,0.373323400202101,-0.699778634400805,-2.59946207041627,-3.01158797427521,-3.01158797427521,-0.358453970912476,-3.01158797427521,-1.86249647625007,-3.01158797427521,-3.01158797427521,-3.01158797427521,-3.01158797427521,-3.01158797427521,-3.01158797427521,-3.01158797427521,0.0318656658837763,-3.01158797427521,1.32192809488736
"X-5187",-1.37956998773147,-4.10780328953452,-1.28396024468834,-1.68810942782445,-2.03307739724943,-1.03603273124476,2.83376717601538,-1.31592935426592,0.670236065698533,-1.881861801117,-2.11403524324603,-1.20201863115217,-4.10780328953452,0.138377619530015,-0.240134003723715,-4.10780328953452,-0.815190761471708,-0.526992432083826,0.308011314552178,-2.50635266602479
"quinolinic acid",-1.51870105845243,-1.51870105845243,-1.51870105845243,-1.51870105845243,-1.51870105845243,-1.51870105845243,-1.51870105845243,-1.51870105845243,-1.51870105845243,-1.51870105845243,-1.51870105845243,-1.51870105845243,-1.51870105845243,-0.821126041830205,-1.51870105845243,-1.51870105845243,-0.760398288631329,-1.51870105845243,-1.51870105845243,-1.51870105845243
"S-(5'-adenosyl)-L-methionine",-1.06793882865658,-0.225441330293561,-3.12029423371771,-0.49817873457909,-3.12029423371771,-0.962969269055033,0.6959938131099,-0.293358942690592,-0.0979907563507495,1.0024024902153,-3.12029423371771,0.946606108093806,-1.6067668710395,-1.45008444637804,-3.12029423371771,-1.17462139610707,-1.31234204605816,-0.190997225060914,0.182268536302719,-0.119771612795174
"S-adenosyl-l-homocysteine",0.763836458890951,-2.6408537016132,0.319617934200161,-2.4632839441329,-1.81265452576275,-0.925951329523006,-0.0943923702749548,-0.240134003723715,0.351628329102782,-1.70525673443887,-0.256126036491616,-0.0553913931472614,-1.4672674580514,0.142740172116082,-0.0689473537174914,-0.370837695368309,-2.90689059560852,0.875517969318855,-1.15414200420138,-0.286304185156641
"taurine",-2.68038206579984,-2.26534456652099,-2.68038206579984,0.063042679089337,-2.68038206579984,-2.68038206579984,0.267435919565397,-2.68038206579984,-1.67576543772947,0.183115934295299,-2.68038206579984,-2.68038206579984,-2.68038206579984,-0.658203968734691,-1.3498481803448,-2.68038206579984,2.00372215647087,-2.68038206579984,0.568194287340264,-1.70055994773747
"tryptophan",-4.21089678249862,-1.31234204605816,0.0795203396435263,-1.70839644196944,-1.21871023702159,-0.401634794676355,-0.181694778381855,-0.572036326276886,0.394697050994668,-0.98374141513621,-0.826232932263294,1.14491651140478,-1.64535978036511,-0.0286557164961793,-0.521459558414998,-1.17679413001305,-1.42275246440685,-3.53951952995999,0.416119115004295,-0.201465556565791
"uridine",2.11847047673351,-2.22881869049588,0.128293401009818,-2.50635266602479,-0.162729500038108,-1.48735170409473,-0.703689439291908,-0.496820903852139,-1.41632046516232,-2.60237955379857,2.91418179500227,-0.324334592594457,-0.788364746672851,0.969135137114184,2.0962618530584,1.13903284399403,0.195347598322219,3.14518832312081,-4.05090089830004,0.898659829602338
"uridine diphosphate-N-acetylmuraminic acid",-1.71311885221184,-1.71311885221184,-1.71311885221184,-1.71311885221184,-1.71311885221184,-1.71311885221184,-1.71311885221184,-1.71311885221184,-1.71311885221184,-1.71311885221184,-1.71311885221184,-1.71311885221184,-1.71311885221184,-1.71311885221184,-1.71311885221184,-1.71311885221184,-1.71311885221184,-1.71311885221184,-1.71311885221184,-1.71311885221184
"xanthine",-2.95455702923883,-2.95455702923883,-2.95455702923883,-2.95455702923883,-2.95455702923883,-2.95455702923883,-2.95455702923883,-2.95455702923883,-2.95455702923883,-2.95455702923883,2.28953940534605,-0.00723156923107586,-0.978994141879698,1.93054811924785,0.629784021961239,-2.95455702923883,-1.86424625820002,0.354264077007053,-2.95455702923883,-2.95455702923883
